Symbol,Name,Sector,Price,Dividend Yield,Price/Earnings,Earnings/Share,Book Value,52 week low,52 week high,Market Cap,EBITDA,Price/Sales,Price/Book,SEC Filings
MMM,3M Company,Industrials,178.545,2.520,22.512,7.931,19.955,134.640,182.270,107.39,8.66,3.517,8.814,http://www.sec.gov/cgi-bin/browse-edgar?action=getcompany&CIK=MMM
ABT,Abbott Laboratories,Health Care,39.2901,2.7100,42.8931,0.9160,14.1110,36.0000,46.2200,57.85,4.64,2.7501,2.7411,http://www.sec.gov/cgi-bin/browse-edgar?action=getcompany&CIK=ABT
ABBV,AbbVie,Health Care,61.64,4.15,16.66,3.70,3.98,50.71,68.12,100.17,11.18,3.92,15.30,http://www.sec.gov/cgi-bin/browse-edgar?action=getcompany&CIK=ABBV
ACN,Accenture plc,Information Technology,123.36,2.04,19.13,6.45,12.17,91.40,124.96,76.52,5.54,2.30,10.00,http://www.sec.gov/cgi-bin/browse-edgar?action=getcompany&CIK=ACN
ATVI,Activision Blizzard,Information Technology,36.755,0.690,31.905,1.152,11.866,26.490,45.550,27.32,1.89,4.674,3.151,http://www.sec.gov/cgi-bin/browse-edgar?action=getcompany&CIK=ATVI
AYI,Acuity Brands Inc,Industrials,247.87,0.21,37.39,6.63,38.30,169.42,280.89,10.74,0.5684,3.25,6.44,http://www.sec.gov/cgi-bin/browse-edgar?action=getcompany&CIK=AYI
ADBE,Adobe Systems Inc,Information Technology,104.44,0.00,53.29,1.96,14.64,71.27,111.09,51.93,1.65,9.27,7.07,http://www.sec.gov/cgi-bin/browse-edgar?action=getcompany&CIK=ADBE
AAP,Advance Auto Parts,Consumer Discretionary,175.535,0.140,28.767,6.102,38.781,131.590,177.830,12.93,1.16,1.366,4.552,http://www.sec.gov/cgi-bin/browse-edgar?action=getcompany&CIK=AAP
AES,AES Corp,Utilities,11.95,3.88,,-0.41,4.37,8.22,13.32,7.88,3.43,0.55,2.71,http://www.sec.gov/cgi-bin/browse-edgar?action=getcompany&CIK=AES
AET,Aetna Inc,Health Care,128.86,0.78,18.58,6.93,52.10,92.42,136.50,45.22,5.97,0.73,2.48,http://www.sec.gov/cgi-bin/browse-edgar?action=getcompany&CIK=AET
AMG,Affiliated Managers Group Inc,Financials,161.44,,18.63,8.67,58.06,115.97,179.85,8.85,0.8562000000000001,3.96,2.78,http://www.sec.gov/cgi-bin/browse-edgar?action=getcompany&CIK=AMG
AFL,AFLAC Inc,Financials,69.06,2.51,10.95,6.31,55.84,54.57,74.50,28.18,4.61,1.28,1.25,http://www.sec.gov/cgi-bin/browse-edgar?action=getcompany&CIK=AFL
A,Agilent Technologies Inc,Health Care,46.30,1.18,33.07,1.40,13.09,34.15,48.63,15.00,0.861,3.53,3.50,http://www.sec.gov/cgi-bin/browse-edgar?action=getcompany&CIK=A
APD,Air Products & Chemicals Inc,Materials,149.50,2.32,51.73,2.89,32.57,106.05,149.70,32.50,3.11,3.40,4.58,http://www.sec.gov/cgi-bin/browse-edgar?action=getcompany&CIK=APD
AKAM,Akamai Technologies Inc,Information Technology,64.91,,36.86,1.76,18.25,39.43,71.04,11.25,0.71369,4.99,3.63,http://www.sec.gov/cgi-bin/browse-edgar?action=getcompany&CIK=AKAM
ALK,Alaska Air Group Inc,Industrials,89.91,1.30,12.61,7.13,23.23,54.51,90.27,11.08,1.79,1.89,3.81,http://www.sec.gov/cgi-bin/browse-edgar?action=getcompany&CIK=ALK
ALB,Albemarle Corp,Materials,90.53,1.41,47.40,1.91,29.33,45.78,92.24,10.18,0.9729800000000001,2.93,3.13,http://www.sec.gov/cgi-bin/browse-edgar?action=getcompany&CIK=ALB
AA,Alcoa Inc,Materials,32.00,1.25,,-5.94,38.17,20.00,32.19,5.85,1.11,0.62,0.82,http://www.sec.gov/cgi-bin/browse-edgar?action=getcompany&CIK=AA
ALXN,Alexion Pharmaceuticals,Health Care,132.20,,80.61,1.64,37.93,110.56,193.45,29.64,1.11,9.56,3.32,http://www.sec.gov/cgi-bin/browse-edgar?action=getcompany&CIK=ALXN
ALLE,Allegion,Industrials,65.73,0.74,28.21,2.33,1.58,52.95,73.49,6.31,0.4883,2.84,41.35,http://www.sec.gov/cgi-bin/browse-edgar?action=getcompany&CIK=ALLE
AGN,Allergan plc,Health Care,192.80,1.47,5.41,35.66,221.28,184.50,317.48,72.32,6.81,4.23,0.85,http://www.sec.gov/cgi-bin/browse-edgar?action=getcompany&CIK=AGN
ADS,Alliance Data Systems,Information Technology,232.31,0.92,24.55,9.46,30.86,176.63,280.95,13.42,1.67,1.96,7.77,http://www.sec.gov/cgi-bin/browse-edgar?action=getcompany&CIK=ADS
LNT,Alliant Energy Corp,Utilities,36.84,3.26,24.38,1.51,16.96,29.07,40.99,8.38,1.03,2.54,2.15,http://www.sec.gov/cgi-bin/browse-edgar?action=getcompany&CIK=LNT
ALL,Allstate Corp,Financials,72.46,1.86,19.62,3.69,52.14,56.03,72.72,26.68,2.91,0.73,1.37,http://www.sec.gov/cgi-bin/browse-edgar?action=getcompany&CIK=ALL
GOOGL,Alphabet Inc Class A,Information Technology,808.7391,,29.6003,27.3220,194.5960,672.6600,839.0000,557.41,28.29,6.4073,4.0863,http://www.sec.gov/cgi-bin/browse-edgar?action=getcompany&CIK=GOOGL
GOOG,Alphabet Inc Class C,Information Technology,788.34,,28.85,27.32,194.60,663.06,816.68,543.35,28.29,6.26,3.99,http://www.sec.gov/cgi-bin/browse-edgar?action=getcompany&CIK=GOOG
MO,Altria Group Inc,Consumer Staples,66.52,3.79,25.01,2.66,1.51,56.15,70.15,129.85,9.45,6.60,43.34,http://www.sec.gov/cgi-bin/browse-edgar?action=getcompany&CIK=MO
AMZN,Amazon.com Inc,Consumer Discretionary,767.21,,175.76,4.36,37.44,474.00,847.21,364.55,10.96,2.85,20.50,http://www.sec.gov/cgi-bin/browse-edgar?action=getcompany&CIK=AMZN
AEE,Ameren Corp,Utilities,50.50,3.57,18.89,2.67,29.65,41.33,54.08,12.25,2.29,2.08,1.68,http://www.sec.gov/cgi-bin/browse-edgar?action=getcompany&CIK=AEE
AAL,American Airlines Group,Industrials,49.40,0.86,5.12,9.65,8.46,24.85,50.64,25.60,8.22,0.62,5.68,http://www.sec.gov/cgi-bin/browse-edgar?action=getcompany&CIK=AAL
AEP,American Electric Power,Utilities,60.93,3.97,42.43,1.44,35.23,54.08,71.32,29.96,5.22,1.83,1.71,http://www.sec.gov/cgi-bin/browse-edgar?action=getcompany&CIK=AEP
AXP,American Express Co,Financials,74.705,1.770,13.274,5.628,22.919,50.270,75.200,68.37,0.00,2.246,3.268,http://www.sec.gov/cgi-bin/browse-edgar?action=getcompany&CIK=AXP
AIG,"American International Group, Inc.",Financials,65.83,1.97,214.43,0.31,85.02,48.41,66.10,67.62,5.33,1.27,0.77,http://www.sec.gov/cgi-bin/browse-edgar?action=getcompany&CIK=AIG
AMT,American Tower Corp A,Financials,103.115,2.060,51.609,1.998,15.759,83.070,118.260,43.89,3.31,7.887,6.497,http://www.sec.gov/cgi-bin/browse-edgar?action=getcompany&CIK=AMT
AWK,American Water Works Company Inc,Utilities,72.81,2.08,28.01,2.60,29.43,56.40,85.24,12.96,1.52,3.96,2.48,http://www.sec.gov/cgi-bin/browse-edgar?action=getcompany&CIK=AWK
AMP,Ameriprise Financial,Financials,118.55,2.60,16.08,7.37,42.88,76.00,119.32,18.74,2.79,1.60,2.77,http://www.sec.gov/cgi-bin/browse-edgar?action=getcompany&CIK=AMP
ABC,AmerisourceBergen Corp,Health Care,78.85,1.91,12.48,6.32,9.68,68.38,105.81,17.35,2.07,0.12,7.94,http://www.sec.gov/cgi-bin/browse-edgar?action=getcompany&CIK=ABC
AME,Ametek,Industrials,50.935,0.710,22.146,2.300,14.575,42.820,54.700,11.79,1.02,3.065,3.503,http://www.sec.gov/cgi-bin/browse-edgar?action=getcompany&CIK=AME
AMGN,Amgen Inc,Health Care,143.68,2.83,14.38,9.99,41.32,133.64,176.85,106.89,11.55,4.64,3.40,http://www.sec.gov/cgi-bin/browse-edgar?action=getcompany&CIK=AMGN
APH,Amphenol Corp A,Industrials,68.48,0.94,27.50,2.49,12.01,44.50,69.19,21.12,1.40,3.50,5.73,http://www.sec.gov/cgi-bin/browse-edgar?action=getcompany&CIK=APH
APC,Anadarko Petroleum Corp,Energy,70.48,0.29,,-7.45,22.87,28.16,71.10,39.39,2.63,4.97,3.07,http://www.sec.gov/cgi-bin/browse-edgar?action=getcompany&CIK=APC
ADI,"Analog Devices, Inc.",Information Technology,73.06,2.30,26.47,2.76,16.76,47.24,74.87,22.51,1.25,6.65,4.41,http://www.sec.gov/cgi-bin/browse-edgar?action=getcompany&CIK=ADI
ANTM,Anthem Inc.,Health Care,145.57,1.81,17.09,8.52,93.94,114.85,148.00,38.35,5.55,0.46,1.56,http://www.sec.gov/cgi-bin/browse-edgar?action=getcompany&CIK=ANTM
AON,Aon plc,Financials,113.17,1.17,20.86,5.42,20.62,83.83,116.59,29.77,2.49,2.57,5.47,http://www.sec.gov/cgi-bin/browse-edgar?action=getcompany&CIK=AON
APA,Apache Corporation,Energy,66.52,1.51,,-47.56,17.05,32.20,67.76,25.24,2.76,5.13,3.90,http://www.sec.gov/cgi-bin/browse-edgar?action=getcompany&CIK=APA
AIV,Apartment Investment & Mgmt,Financials,42.435,3.160,20.520,2.068,9.930,34.970,47.910,6.66,0.5684199999999999,6.904,4.290,http://www.sec.gov/cgi-bin/browse-edgar?action=getcompany&CIK=AIV
AAPL,Apple Inc.,Information Technology,114.12,2.07,13.73,8.31,24.03,89.47,118.69,608.52,70.53,2.77,4.67,http://www.sec.gov/cgi-bin/browse-edgar?action=getcompany&CIK=AAPL
AMAT,Applied Materials Inc,Information Technology,32.28,1.23,20.96,1.54,6.68,15.44,32.92,34.89,2.54,3.27,4.90,http://www.sec.gov/cgi-bin/browse-edgar?action=getcompany&CIK=AMAT
ADM,Archer-Daniels-Midland Co,Consumer Staples,46.505,2.650,17.576,2.646,30.343,29.860,47.880,26.76,2.39,0.425,1.515,http://www.sec.gov/cgi-bin/browse-edgar?action=getcompany&CIK=ADM
AJG,Arthur J. Gallagher & Co.,Financials,50.67,3.05,23.61,2.15,20.72,35.96,52.34,9.02,0.8546,1.63,2.42,http://www.sec.gov/cgi-bin/browse-edgar?action=getcompany&CIK=AJG
AIZ,Assurant Inc,Financials,92.20,2.35,9.89,9.32,77.66,64.36,93.82,5.26,1.09,0.64,1.20,http://www.sec.gov/cgi-bin/browse-edgar?action=getcompany&CIK=AIZ
T,AT&T Inc,Telecommunications Services,40.365,4.980,17.169,2.351,20.130,33.090,43.890,247.88,54.13,1.513,2.007,http://www.sec.gov/cgi-bin/browse-edgar?action=getcompany&CIK=T
ADSK,Autodesk Inc,Information Technology,81.045,0.000,,-1.996,4.766,41.600,83.080,18.04,-0.1301,8.267,17.151,http://www.sec.gov/cgi-bin/browse-edgar?action=getcompany&CIK=ADSK
ADP,Automatic Data Processing,Information Technology,98.0811,2.3800,29.3480,3.3420,9.3800,76.6500,98.3600,44.25,2.65,3.7319,10.4680,http://www.sec.gov/cgi-bin/browse-edgar?action=getcompany&CIK=ADP
AN,AutoNation Inc,Consumer Discretionary,49.11,,12.66,3.88,21.94,39.28,62.27,4.96,0.997,0.23,2.27,http://www.sec.gov/cgi-bin/browse-edgar?action=getcompany&CIK=AN
AZO,AutoZone Inc,Consumer Discretionary,803.61,,19.20,40.70,-66.12,681.01,819.54,23.03,2.39,2.16,,http://www.sec.gov/cgi-bin/browse-edgar?action=getcompany&CIK=AZO
AVGO,Avago Technologies,Information Technology,178.55,1.24,,-2.28,49.12,114.25,181.90,70.94,4.18,6.20,3.48,http://www.sec.gov/cgi-bin/browse-edgar?action=getcompany&CIK=AVGO
AVB,"AvalonBay Communities, Inc.",Financials,169.67,3.21,24.61,6.89,73.09,158.32,192.29,23.30,1.30,11.49,2.31,http://www.sec.gov/cgi-bin/browse-edgar?action=getcompany&CIK=AVB
AVY,Avery Dennison Corp,Materials,72.69,2.24,21.07,3.45,11.69,57.06,79.27,6.47,0.7076,1.09,6.30,http://www.sec.gov/cgi-bin/browse-edgar?action=getcompany&CIK=AVY
BHI,Baker Hughes Inc,Energy,66.108,1.020,,-7.666,30.602,37.580,67.070,28.43,0.003,2.614,2.151,http://www.sec.gov/cgi-bin/browse-edgar?action=getcompany&CIK=BHI
BLL,Ball Corp,Materials,76.81,0.70,44.04,1.74,21.25,62.30,82.24,13.43,1.24,1.58,3.58,http://www.sec.gov/cgi-bin/browse-edgar?action=getcompany&CIK=BLL
BAC,Bank of America Corp,Financials,23.08,1.33,16.88,1.37,24.19,10.99,23.24,242.72,0.00,3.03,0.95,http://www.sec.gov/cgi-bin/browse-edgar?action=getcompany&CIK=BAC
BCR,Bard (C.R.) Inc.,Health Care,216.55,0.50,32.71,6.62,23.42,172.21,239.43,15.92,1.10,4.35,9.12,http://www.sec.gov/cgi-bin/browse-edgar?action=getcompany&CIK=BCR
BAX,Baxter International Inc.,Health Care,44.84,1.18,5.02,8.93,15.95,34.06,50.16,24.39,1.83,2.37,2.76,http://www.sec.gov/cgi-bin/browse-edgar?action=getcompany&CIK=BAX
BBT,BB&T Corporation,Financials,47.10,2.58,17.50,2.69,33.27,29.95,47.30,38.22,0.00,3.81,1.41,http://www.sec.gov/cgi-bin/browse-edgar?action=getcompany&CIK=BBT
BDX,Becton Dickinson,Health Care,166.74,1.77,37.14,4.49,35.79,129.50,181.76,35.40,3.20,2.78,4.57,http://www.sec.gov/cgi-bin/browse-edgar?action=getcompany&CIK=BDX
BBBY,Bed Bath & Beyond,Consumer Discretionary,48.15,1.09,9.76,4.93,17.33,38.60,54.00,7.15,1.57,0.59,2.77,http://www.sec.gov/cgi-bin/browse-edgar?action=getcompany&CIK=BBBY
BRK-B,Berkshire Hathaway,Financials,164.9926,,17.4780,9.4400,163740.0781,123.5500,165.9500,0.27125,43.66,0.0013,0.0010,http://www.sec.gov/cgi-bin/browse-edgar?action=getcompany&CIK=BRK-B
BBY,Best Buy Co. Inc.,Consumer Discretionary,49.09,2.39,14.65,3.35,13.61,25.31,49.40,15.41,2.48,0.39,3.62,http://www.sec.gov/cgi-bin/browse-edgar?action=getcompany&CIK=BBY
BIIB,BIOGEN IDEC Inc.,Health Care,287.155,,16.240,17.682,55.694,223.021,333.650,62.48,6.25,5.518,5.199,http://www.sec.gov/cgi-bin/browse-edgar?action=getcompany&CIK=BIIB
BLK,BlackRock,Financials,387.94,2.45,20.38,19.03,176.40,280.55,392.05,63.57,4.78,5.75,2.21,http://www.sec.gov/cgi-bin/browse-edgar?action=getcompany&CIK=BLK
HRB,Block H&R,Financials,23.0212,3.7700,14.7856,1.5570,-2.5860,19.1800,35.1400,4.96,0.82645,1.6219,,http://www.sec.gov/cgi-bin/browse-edgar?action=getcompany&CIK=HRB
BA,Boeing Company,Industrials,156.58,2.83,23.93,6.54,3.38,102.10,156.88,96.64,7.62,1.01,46.04,http://www.sec.gov/cgi-bin/browse-edgar?action=getcompany&CIK=BA
BWA,BorgWarner,Consumer Discretionary,41.85,1.35,17.04,2.46,17.42,27.52,44.35,8.91,1.48,0.99,2.39,http://www.sec.gov/cgi-bin/browse-edgar?action=getcompany&CIK=BWA
BXP,Boston Properties,Financials,128.88,2.06,40.15,3.21,35.94,107.28,144.02,19.82,1.53,7.82,3.60,http://www.sec.gov/cgi-bin/browse-edgar?action=getcompany&CIK=BXP
BSX,Boston Scientific,Health Care,20.84,,393.21,0.05,4.76,15.67,24.79,28.38,2.11,3.47,4.33,http://www.sec.gov/cgi-bin/browse-edgar?action=getcompany&CIK=BSX
BMY,Bristol-Myers Squibb,Health Care,57.08,2.71,28.55,2.00,9.34,49.03,77.12,95.39,5.71,5.00,5.91,http://www.sec.gov/cgi-bin/browse-edgar?action=getcompany&CIK=BMY
BF-B,Brown-Forman Corporation,Consumer Staples,45.97,1.60,17.40,2.62,3.30,43.82,51.77,17.88,1.09,5.86,13.84,http://www.sec.gov/cgi-bin/browse-edgar?action=getcompany&CIK=BF-B
CHRW,C. H. Robinson Worldwide,Industrials,77.00,2.28,21.33,3.61,8.95,60.31,77.89,10.90,0.91853,0.85,8.66,http://www.sec.gov/cgi-bin/browse-edgar?action=getcompany&CIK=CHRW
CA,"CA, Inc.",Information Technology,31.655,3.280,16.504,1.918,13.383,25.180,34.990,13.23,1.30,3.271,2.375,http://www.sec.gov/cgi-bin/browse-edgar?action=getcompany&CIK=CA
COG,Cabot Oil & Gas,Energy,23.81,0.34,,-0.53,6.16,14.88,26.74,11.08,0.43159,10.26,3.97,http://www.sec.gov/cgi-bin/browse-edgar?action=getcompany&CIK=COG
CPB,Campbell Soup,Consumer Staples,59.19,2.43,27.81,2.13,5.19,50.54,67.89,18.23,1.58,2.26,11.23,http://www.sec.gov/cgi-bin/browse-edgar?action=getcompany&CIK=CPB
COF,Capital One Financial,Financials,90.32,1.82,12.91,7.00,96.21,58.03,91.38,45.26,0.00,2.38,0.94,http://www.sec.gov/cgi-bin/browse-edgar?action=getcompany&CIK=COF
CAH,Cardinal Health Inc.,Health Care,73.09,2.55,17.69,4.13,20.35,62.70,91.23,23.39,3.08,0.18,3.49,http://www.sec.gov/cgi-bin/browse-edgar?action=getcompany&CIK=CAH
KMX,Carmax Inc,Consumer Discretionary,62.74,,20.40,3.08,16.03,41.25,64.88,11.94,1.19,0.79,4.00,http://www.sec.gov/cgi-bin/browse-edgar?action=getcompany&CIK=KMX
CCL,Carnival Corp.,Consumer Discretionary,53.382,2.630,16.599,3.216,31.370,40.520,55.770,38.97,4.41,2.390,1.687,http://www.sec.gov/cgi-bin/browse-edgar?action=getcompany&CIK=CCL
CAT,Caterpillar Inc.,Industrials,95.63,3.23,93.03,1.03,26.74,56.36,97.40,55.95,5.37,1.41,3.60,http://www.sec.gov/cgi-bin/browse-edgar?action=getcompany&CIK=CAT
CBG,CBRE Group,Financials,32.845,,22.667,1.449,8.741,22.740,36.450,11.03,1.10,0.854,3.768,http://www.sec.gov/cgi-bin/browse-edgar?action=getcompany&CIK=CBG
CBS,CBS Corp.,Consumer Discretionary,62.395,1.130,17.522,3.561,12.238,41.360,64.040,26.81,3.35,1.892,5.195,http://www.sec.gov/cgi-bin/browse-edgar?action=getcompany&CIK=CBS
CELG,Celgene Corp.,Health Care,113.50,,43.11,2.63,7.29,93.05,127.00,87.99,4.04,8.11,15.52,http://www.sec.gov/cgi-bin/browse-edgar?action=getcompany&CIK=CELG
CNC,Centene Corporation,Health Care,56.445,,20.790,2.715,33.419,47.360,75.570,9.65,1.56,0.296,1.704,http://www.sec.gov/cgi-bin/browse-edgar?action=getcompany&CIK=CNC
CNP,CenterPoint Energy,Utilities,24.415,4.280,,-0.414,8.062,16.050,24.710,10.52,2.06,1.431,2.983,http://www.sec.gov/cgi-bin/browse-edgar?action=getcompany&CIK=CNP
CTL,CenturyLink Inc,Telecommunications Services,24.11,9.00,14.21,1.70,25.41,21.94,33.45,13.18,6.75,0.75,0.95,http://www.sec.gov/cgi-bin/browse-edgar?action=getcompany&CIK=CTL
CERN,Cerner,Health Care,48.51,,25.65,1.89,12.60,47.40,67.50,16.47,1.29,3.52,3.82,http://www.sec.gov/cgi-bin/browse-edgar?action=getcompany&CIK=CERN
CF,CF Industries Holdings Inc,Materials,30.68,4.20,102.27,0.30,16.56,20.77,44.60,7.15,1.30,1.80,1.83,http://www.sec.gov/cgi-bin/browse-edgar?action=getcompany&CIK=CF
SCHW,Charles Schwab Corporation,Financials,39.32,0.71,31.71,1.24,10.03,21.51,39.89,52.13,0.00,7.34,3.93,http://www.sec.gov/cgi-bin/browse-edgar?action=getcompany&CIK=SCHW
CHK,Chesapeake Energy,Energy,7.725,0.000,,-33.879,-5.516,1.500,8.150,5.92,0.481,0.683,,http://www.sec.gov/cgi-bin/browse-edgar?action=getcompany&CIK=CHK
CVX,Chevron Corp.,Energy,115.9057,3.8300,,-0.8020,77.7640,75.3300,115.9900,218.80,13.53,2.1492,1.4810,http://www.sec.gov/cgi-bin/browse-edgar?action=getcompany&CIK=CVX
CMG,Chipotle Mexican Grill,Consumer Discretionary,368.88,,148.98,2.48,49.72,352.96,577.76,10.68,0.27756000000000003,2.76,7.42,http://www.sec.gov/cgi-bin/browse-edgar?action=getcompany&CIK=CMG
CB,Chubb Limited,Financials,132.63,0.00,17.77,7.46,103.96,106.82,132.99,61.72,4.73,2.20,1.27,http://www.sec.gov/cgi-bin/browse-edgar?action=getcompany&CIK=CB
CHD,Church & Dwight,Consumer Staples,44.385,1.580,25.582,1.735,8.206,38.425,53.680,11.48,0.8338,3.263,5.336,http://www.sec.gov/cgi-bin/browse-edgar?action=getcompany&CIK=CHD
CI,CIGNA Corp.,Health Care,134.64,0.03,18.30,7.36,54.46,115.03,148.99,34.57,3.64,0.90,2.52,http://www.sec.gov/cgi-bin/browse-edgar?action=getcompany&CIK=CI
XEC,Cimarex Energy,Energy,141.6259,0.2200,,-11.8240,24.5700,72.7700,145.5300,13.45,0.53511,11.4184,5.8063,http://www.sec.gov/cgi-bin/browse-edgar?action=getcompany&CIK=XEC
CINF,Cincinnati Financial,Financials,78.065,2.490,20.068,3.890,43.236,53.640,78.570,12.86,0.999,2.387,1.810,http://www.sec.gov/cgi-bin/browse-edgar?action=getcompany&CIK=CINF
CTAS,Cintas Corporation,Industrials,120.74,0.87,18.15,6.65,18.94,80.00,120.96,12.67,0.9746699999999999,2.53,6.36,http://www.sec.gov/cgi-bin/browse-edgar?action=getcompany&CIK=CTAS
CSCO,Cisco Systems,Information Technology,30.025,3.550,14.366,2.090,12.621,22.460,31.950,150.72,14.99,3.073,2.373,http://www.sec.gov/cgi-bin/browse-edgar?action=getcompany&CIK=CSCO
C,Citigroup Inc.,Financials,60.15,1.08,13.08,4.60,74.51,34.52,60.80,171.41,0.00,2.68,0.81,http://www.sec.gov/cgi-bin/browse-edgar?action=getcompany&CIK=C
CFG,Citizens Financial Group,Financials,35.4325,1.3700,19.2568,1.8400,38.4720,18.0400,35.7500,18.36,0.00,3.9306,0.9238,http://www.sec.gov/cgi-bin/browse-edgar?action=getcompany&CIK=CFG
CTXS,Citrix Systems,Information Technology,89.35,,29.87,2.99,15.11,60.91,90.55,13.94,0.9978899999999999,4.11,5.96,http://www.sec.gov/cgi-bin/browse-edgar?action=getcompany&CIK=CTXS
CME,CME Group Inc.,Financials,122.49,1.99,28.55,4.29,62.92,81.87,122.60,41.57,2.37,11.87,1.94,http://www.sec.gov/cgi-bin/browse-edgar?action=getcompany&CIK=CME
CMS,CMS Energy,Utilities,41.11,3.11,19.75,2.08,15.26,34.51,46.25,11.47,1.89,1.81,2.66,http://www.sec.gov/cgi-bin/browse-edgar?action=getcompany&CIK=CMS
COH,Coach Inc.,Consumer Discretionary,38.52,3.53,22.40,1.72,9.73,30.06,43.71,10.80,0.8871,2.41,3.97,http://www.sec.gov/cgi-bin/browse-edgar?action=getcompany&CIK=COH
CTSH,Cognizant Technology Solutions,Information Technology,55.76,,21.78,2.56,16.97,45.44,63.43,33.83,2.65,2.57,3.31,http://www.sec.gov/cgi-bin/browse-edgar?action=getcompany&CIK=CTSH
CL,Colgate-Palmolive,Consumer Staples,66.33,2.37,43.38,1.53,-0.15,61.40,75.38,58.96,4.35,3.80,,http://www.sec.gov/cgi-bin/browse-edgar?action=getcompany&CIK=CL
CMCSA,Comcast A Corp,Consumer Discretionary,69.29,1.59,20.33,3.41,22.35,52.34,70.33,165.80,25.95,2.11,3.10,http://www.sec.gov/cgi-bin/browse-edgar?action=getcompany&CIK=CMCSA
CMA,Comerica Inc.,Financials,69.895,1.360,29.135,2.399,44.907,30.480,70.400,12.04,0.00,4.672,1.550,http://www.sec.gov/cgi-bin/browse-edgar?action=getcompany&CIK=CMA
CAG,ConAgra Foods Inc.,Consumer Staples,38.365,2.660,25.679,1.494,8.494,29.549,38.545,16.80,1.89,1.432,4.436,http://www.sec.gov/cgi-bin/browse-edgar?action=getcompany&CIK=CAG
CXO,Concho Resources,Energy,142.12,,,-10.26,51.03,69.94,146.87,20.04,0.94375,13.42,2.80,http://www.sec.gov/cgi-bin/browse-edgar?action=getcompany&CIK=CXO
COP,ConocoPhillips,Energy,50.80,2.00,,-5.66,29.19,31.05,51.06,62.94,3.58,2.67,1.71,http://www.sec.gov/cgi-bin/browse-edgar?action=getcompany&CIK=COP
ED,Consolidated Edison,Utilities,71.40,3.88,17.59,4.06,46.78,60.32,81.88,21.76,3.59,1.78,1.51,http://www.sec.gov/cgi-bin/browse-edgar?action=getcompany&CIK=ED
STZ,Constellation Brands,Consumer Staples,152.94,1.08,26.31,5.81,35.71,130.23,173.55,30.75,2.36,4.29,4.23,http://www.sec.gov/cgi-bin/browse-edgar?action=getcompany&CIK=STZ
GLW,Corning Inc.,Industrials,24.56,2.20,12.52,1.96,16.22,16.13,25.35,23.36,2.32,2.59,1.53,http://www.sec.gov/cgi-bin/browse-edgar?action=getcompany&CIK=GLW
COST,Costco Co.,Consumer Staples,159.61,1.19,29.13,5.33,27.25,138.57,169.73,70.12,5.05,0.58,5.78,http://www.sec.gov/cgi-bin/browse-edgar?action=getcompany&CIK=COST
CCI,Crown Castle International Corp.,Financials,85.61,4.55,88.08,0.97,20.01,75.71,102.82,28.90,2.08,7.48,4.25,http://www.sec.gov/cgi-bin/browse-edgar?action=getcompany&CIK=CCI
CSRA,CSRA Inc.,Information Technology,32.74,1.25,49.31,0.66,1.08,20.98,32.84,5.35,0.60337,1.10,30.31,http://www.sec.gov/cgi-bin/browse-edgar?action=getcompany&CIK=CSRA
CSX,CSX Corp.,Industrials,37.31,2.00,20.76,1.80,12.44,21.33,37.42,34.95,4.44,3.22,2.99,http://www.sec.gov/cgi-bin/browse-edgar?action=getcompany&CIK=CSX
CMI,Cummins Inc.,Industrials,142.29,2.80,20.68,6.88,41.37,79.88,147.10,23.85,2.32,1.36,3.48,http://www.sec.gov/cgi-bin/browse-edgar?action=getcompany&CIK=CMI
CVS,CVS Health,Consumer Staples,80.12,2.14,17.17,4.67,33.72,69.30,106.67,85.44,12.84,0.48,2.32,http://www.sec.gov/cgi-bin/browse-edgar?action=getcompany&CIK=CVS
DHI,D. R. Horton,Consumer Discretionary,28.855,1.430,12.227,2.360,18.214,22.970,34.560,10.76,1.44,0.905,1.619,http://www.sec.gov/cgi-bin/browse-edgar?action=getcompany&CIK=DHI
DHR,Danaher Corp.,Industrials,78.01,0.65,21.82,3.58,33.53,61.60,82.64,53.96,5.43,2.36,2.32,http://www.sec.gov/cgi-bin/browse-edgar?action=getcompany&CIK=DHR
DRI,Darden Restaurants,Consumer Discretionary,78.54,2.85,25.36,3.10,14.64,55.77,79.28,9.67,0.9105,1.40,5.39,http://www.sec.gov/cgi-bin/browse-edgar?action=getcompany&CIK=DRI
DVA,DaVita Inc.,Health Care,66.4633,,19.3714,3.4310,24.4640,54.5000,78.7700,13.12,2.49,0.8992,2.7093,http://www.sec.gov/cgi-bin/browse-edgar?action=getcompany&CIK=DVA
DE,Deere & Co.,Industrials,103.61,2.34,21.54,4.81,20.71,70.16,104.83,32.62,3.94,1.23,5.02,http://www.sec.gov/cgi-bin/browse-edgar?action=getcompany&CIK=DE
DLPH,Delphi Automotive,Consumer Discretionary,71.565,1.650,16.890,4.237,9.407,55.590,88.060,19.38,2.71,1.191,7.585,http://www.sec.gov/cgi-bin/browse-edgar?action=getcompany&CIK=DLPH
DAL,Delta Air Lines,Industrials,51.78,1.59,8.40,6.17,16.91,32.60,52.77,38.32,8.12,0.96,3.04,http://www.sec.gov/cgi-bin/browse-edgar?action=getcompany&CIK=DAL
XRAY,Dentsply Sirona,Health Care,59.05,0.54,30.85,1.91,36.03,53.43,65.83,13.63,0.727,3.97,1.63,http://www.sec.gov/cgi-bin/browse-edgar?action=getcompany&CIK=XRAY
DVN,Devon Energy Corp.,Energy,47.99,0.51,,-17.04,11.15,18.07,49.59,25.13,2.37,2.41,4.28,http://www.sec.gov/cgi-bin/browse-edgar?action=getcompany&CIK=DVN
DO,Diamond Offshore Drilling,Energy,21.025,0.000,,-5.351,26.485,14.180,26.720,2.88,0.78303,1.577,0.731,http://www.sec.gov/cgi-bin/browse-edgar?action=getcompany&CIK=DO
DLR,Digital Realty Trust,Financials,94.285,3.920,64.979,1.451,26.086,69.000,113.210,14.99,1.04,7.193,3.612,http://www.sec.gov/cgi-bin/browse-edgar?action=getcompany&CIK=DLR
DFS,Discover Financial Services,Financials,72.71,1.75,13.23,5.49,27.21,42.86,72.78,28.68,0.00,3.96,2.65,http://www.sec.gov/cgi-bin/browse-edgar?action=getcompany&CIK=DFS
DISCA,Discovery Communications-A,Consumer Discretionary,28.865,,16.317,1.769,8.745,23.660,30.440,13.19,2.44,2.087,3.379,http://www.sec.gov/cgi-bin/browse-edgar?action=getcompany&CIK=DISCA
DISCK,Discovery Communications-C,Consumer Discretionary,28.10,,15.88,1.77,8.74,22.43,28.91,12.84,2.44,2.02,3.28,http://www.sec.gov/cgi-bin/browse-edgar?action=getcompany&CIK=DISCK
DG,Dollar General,Consumer Discretionary,77.30,1.32,18.13,4.26,19.41,66.50,96.88,21.36,2.37,1.00,3.96,http://www.sec.gov/cgi-bin/browse-edgar?action=getcompany&CIK=DG
DLTR,Dollar Tree,Consumer Discretionary,87.82,,25.82,3.40,21.39,72.52,99.93,20.73,2.27,1.01,4.07,http://www.sec.gov/cgi-bin/browse-edgar?action=getcompany&CIK=DLTR
D,Dominion Resources,Utilities,74.55,3.85,22.47,3.32,23.86,64.54,78.97,46.72,5.42,4.11,3.08,http://www.sec.gov/cgi-bin/browse-edgar?action=getcompany&CIK=D
DOV,Dover Corp.,Industrials,76.845,2.360,24.614,3.122,24.390,50.910,76.980,11.94,1.15,1.765,3.127,http://www.sec.gov/cgi-bin/browse-edgar?action=getcompany&CIK=DOV
DOW,Dow Chemical,Materials,57.67,3.27,8.99,6.42,22.33,40.26,57.73,64.67,8.94,1.38,2.57,http://www.sec.gov/cgi-bin/browse-edgar?action=getcompany&CIK=DOW
DPS,Dr Pepper Snapple Group,Consumer Staples,89.88,2.39,19.51,4.61,11.58,81.05,98.80,16.51,1.65,2.52,7.57,http://www.sec.gov/cgi-bin/browse-edgar?action=getcompany&CIK=DPS
DTE,DTE Energy Co.,Utilities,97.48,3.47,21.45,4.54,50.88,77.35,100.45,17.49,2.15,1.69,1.89,http://www.sec.gov/cgi-bin/browse-edgar?action=getcompany&CIK=DTE
DD,Du Pont (E.I.),Materials,74.85,2.09,33.12,2.26,10.94,50.71,74.98,65.07,4.56,2.63,6.82,http://www.sec.gov/cgi-bin/browse-edgar?action=getcompany&CIK=DD
DUK,Duke Energy,Utilities,75.72,4.63,18.32,4.13,58.77,66.99,87.75,52.17,9.61,2.25,1.27,http://www.sec.gov/cgi-bin/browse-edgar?action=getcompany&CIK=DUK
DNB,Dun & Bradstreet,Industrials,123.75,1.59,47.31,2.62,-29.02,85.99,141.57,4.55,0.4245,2.69,,http://www.sec.gov/cgi-bin/browse-edgar?action=getcompany&CIK=DNB
ETFC,E*Trade,Financials,35.685,0.000,19.694,1.812,21.585,19.610,36.040,9.79,0.00,4.668,1.642,http://www.sec.gov/cgi-bin/browse-edgar?action=getcompany&CIK=ETFC
EMN,Eastman Chemical,Materials,77.33,2.71,13.37,5.78,30.26,56.03,78.79,11.35,2.11,1.26,2.57,http://www.sec.gov/cgi-bin/browse-edgar?action=getcompany&CIK=EMN
ETN,Eaton Corporation,Industrials,69.47,3.33,16.42,4.23,34.10,46.19,69.79,31.38,3.27,1.56,2.02,http://www.sec.gov/cgi-bin/browse-edgar?action=getcompany&CIK=ETN
EBAY,eBay Inc.,Information Technology,30.01,,19.27,1.56,6.11,21.51,33.19,33.55,3.03,3.69,4.82,http://www.sec.gov/cgi-bin/browse-edgar?action=getcompany&CIK=EBAY
ECL,Ecolab Inc.,Materials,120.29,1.20,33.44,3.60,23.56,98.62,124.60,35.07,2.87,2.64,5.08,http://www.sec.gov/cgi-bin/browse-edgar?action=getcompany&CIK=ECL
EIX,Edison Int'l,Utilities,69.84,2.76,25.90,2.70,36.26,57.97,78.72,22.75,3.69,2.00,1.92,http://www.sec.gov/cgi-bin/browse-edgar?action=getcompany&CIK=EIX
EW,Edwards Lifesciences,Health Care,90.73,,35.86,2.53,12.60,72.20,121.75,19.40,0.8559,6.66,7.09,http://www.sec.gov/cgi-bin/browse-edgar?action=getcompany&CIK=EW
EA,Electronic Arts,Information Technology,78.6808,,20.0512,3.9240,12.0270,53.0100,86.0700,23.74,1.19,5.1618,6.4671,http://www.sec.gov/cgi-bin/browse-edgar?action=getcompany&CIK=EA
EMC,EMC Corp.,Information Technology,29.05,0.00,,1.07,0.00,22.99,29.13,,0.00,,,http://www.sec.gov/cgi-bin/browse-edgar?action=getcompany&CIK=EMC
EMR,Emerson Electric Company,Industrials,57.41,3.39,22.78,2.52,11.77,41.25,58.28,36.90,3.11,2.55,4.89,http://www.sec.gov/cgi-bin/browse-edgar?action=getcompany&CIK=EMR
ENDP,Endo International,Health Care,15.735,,,-0.573,27.151,12.560,63.630,3.51,0.25221,0.908,0.576,http://www.sec.gov/cgi-bin/browse-edgar?action=getcompany&CIK=ENDP
ETR,Entergy Corp.,Utilities,70.78,5.02,9.88,7.16,56.21,64.20,82.09,12.68,3.51,1.18,1.25,http://www.sec.gov/cgi-bin/browse-edgar?action=getcompany&CIK=ETR
EOG,EOG Resources,Energy,106.31,0.65,,-2.26,21.40,57.15,107.47,61.28,2.40,8.67,4.90,http://www.sec.gov/cgi-bin/browse-edgar?action=getcompany&CIK=EOG
EQT,EQT Corporation,Energy,74.85,0.17,,-2.44,35.00,47.10,80.61,12.93,1.01,7.62,2.13,http://www.sec.gov/cgi-bin/browse-edgar?action=getcompany&CIK=EQT
EFX,Equifax Inc.,Financials,117.35,1.16,29.71,3.95,22.96,91.72,136.97,14.05,1.04,4.68,5.12,http://www.sec.gov/cgi-bin/browse-edgar?action=getcompany&CIK=EFX
EQIX,Equinix,Information Technology,346.4251,2.1200,407.5589,1.1090,66.2050,255.4500,391.0700,24727.48,1.31,7821.5405,5.2331,http://www.sec.gov/cgi-bin/browse-edgar?action=getcompany&CIK=EQIX
EQR,Equity Residential,Financials,63.00,3.22,5.49,11.48,27.56,58.28,82.39,23.04,1.63,9.11,2.28,http://www.sec.gov/cgi-bin/browse-edgar?action=getcompany&CIK=EQR
ESS,Essex Property Trust Inc,Financials,218.97,2.99,48.60,4.51,92.92,191.25,244.71,14.35,0.89864,10.88,2.36,http://www.sec.gov/cgi-bin/browse-edgar?action=getcompany&CIK=ESS
EL,Estee Lauder Cos.,Consumer Staples,79.73,1.76,27.22,2.93,9.98,75.30,97.48,29.22,2.15,2.57,7.94,http://www.sec.gov/cgi-bin/browse-edgar?action=getcompany&CIK=EL
ES,Eversource Energy,Utilities,53.79,3.42,19.14,2.81,33.53,48.18,60.44,17.05,2.51,2.24,1.59,http://www.sec.gov/cgi-bin/browse-edgar?action=getcompany&CIK=ES
EXC,Exelon Corp.,Utilities,34.905,3.850,26.166,1.334,28.190,25.090,37.700,32.23,8.70,1.046,1.213,http://www.sec.gov/cgi-bin/browse-edgar?action=getcompany&CIK=EXC
EXPE,Expedia Inc.,Consumer Discretionary,124.29,0.84,98.80,1.26,25.91,88.40,133.55,18.65,1.02,2.20,4.75,http://www.sec.gov/cgi-bin/browse-edgar?action=getcompany&CIK=EXPE
EXPD,Expeditors Int'l,Industrials,55.43,1.48,23.48,2.36,10.26,40.41,56.37,10.00,0.72239,1.68,5.49,http://www.sec.gov/cgi-bin/browse-edgar?action=getcompany&CIK=EXPD
ESRX,Express Scripts,Health Care,72.3398,0.0000,17.0976,4.2310,25.3000,64.4600,89.0000,44.61,6.84,0.4294,2.7964,http://www.sec.gov/cgi-bin/browse-edgar?action=getcompany&CIK=ESRX
EXR,Extra Space Storage,Financials,74.99,4.20,32.38,2.32,17.48,68.09,94.81,9.43,0.55824,9.75,4.30,http://www.sec.gov/cgi-bin/browse-edgar?action=getcompany&CIK=EXR
XOM,Exxon Mobil Corp.,Energy,88.92,3.41,41.63,2.14,41.14,71.55,95.55,368.72,22.28,1.86,2.15,http://www.sec.gov/cgi-bin/browse-edgar?action=getcompany&CIK=XOM
FFIV,F5 Networks,Information Technology,142.35,,26.46,5.38,18.15,86.03,144.32,9.30,0.6026,4.68,7.87,http://www.sec.gov/cgi-bin/browse-edgar?action=getcompany&CIK=FFIV
FB,Facebook,Information Technology,119.56,,46.09,2.59,18.82,89.37,133.50,344.59,12.86,13.89,6.32,http://www.sec.gov/cgi-bin/browse-edgar?action=getcompany&CIK=FB
FAST,Fastenal Co,Industrials,49.045,2.480,28.548,1.718,6.606,35.100,49.990,14.18,0.892,3.607,7.437,http://www.sec.gov/cgi-bin/browse-edgar?action=getcompany&CIK=FAST
FRT,Federal Realty Investment Trust,Financials,141.54,2.80,38.49,3.68,27.34,134.39,171.08,10.16,0.50346,12.88,5.19,http://www.sec.gov/cgi-bin/browse-edgar?action=getcompany&CIK=FRT
FDX,FedEx Corporation,Industrials,196.29,0.81,29.36,6.69,53.21,119.71,197.30,52.17,7.74,0.99,3.70,http://www.sec.gov/cgi-bin/browse-edgar?action=getcompany&CIK=FDX
FIS,Fidelity National Information Services,Information Technology,75.555,1.380,52.323,1.444,29.454,55.110,81.670,24.80,2.20,2.844,2.550,http://www.sec.gov/cgi-bin/browse-edgar?action=getcompany&CIK=FIS
FITB,Fifth Third Bancorp,Financials,26.83,1.98,11.90,2.26,20.44,13.84,27.12,20.27,0.00,3.35,1.32,http://www.sec.gov/cgi-bin/browse-edgar?action=getcompany&CIK=FITB
FSLR,First Solar Inc,Information Technology,33.52,,6.85,4.89,57.22,28.60,74.29,3.48,0.72061,1.01,0.58,http://www.sec.gov/cgi-bin/browse-edgar?action=getcompany&CIK=FSLR
FE,FirstEnergy Corp,Utilities,30.75,4.74,,-1.43,27.02,29.33,36.60,13.09,4.00,0.91,1.13,http://www.sec.gov/cgi-bin/browse-edgar?action=getcompany&CIK=FE
FISV,Fiserv Inc,Information Technology,104.72,,26.27,3.99,11.80,85.63,111.51,22.73,1.70,4.18,8.88,http://www.sec.gov/cgi-bin/browse-edgar?action=getcompany&CIK=FISV
FLIR,FLIR Systems,Industrials,36.8108,1.3400,28.9393,1.2720,12.1460,26.4800,37.1700,5.01,0.35322000000000003,3.0701,3.0175,http://www.sec.gov/cgi-bin/browse-edgar?action=getcompany&CIK=FLIR
FLS,Flowserve Corporation,Industrials,51.655,1.530,44.839,1.152,13.052,33.860,52.500,6.74,0.5198400000000001,1.583,3.910,http://www.sec.gov/cgi-bin/browse-edgar?action=getcompany&CIK=FLS
FLR,Fluor Corp.,Industrials,56.82,1.54,50.28,1.13,22.31,39.48,57.60,7.91,0.85324,0.42,2.51,http://www.sec.gov/cgi-bin/browse-edgar?action=getcompany&CIK=FLR
FMC,FMC Corporation,Materials,58.84,1.17,,-0.09,15.57,32.24,59.31,7.88,0.672,2.38,3.79,http://www.sec.gov/cgi-bin/browse-edgar?action=getcompany&CIK=FMC
FTI,FMC Technologies Inc.,Energy,35.335,,76.483,0.462,11.867,22.300,36.510,7.98,0.5169,1.661,3.025,http://www.sec.gov/cgi-bin/browse-edgar?action=getcompany&CIK=FTI
FL,Foot Locker Inc,Consumer Discretionary,78.01,1.43,16.84,4.63,19.65,50.90,79.43,10.45,1.13,1.39,4.03,http://www.sec.gov/cgi-bin/browse-edgar?action=getcompany&CIK=FL
F,Ford Motor,Consumer Discretionary,13.149,4.590,7.265,1.810,7.923,11.020,14.380,52.25,15.44,0.338,1.645,http://www.sec.gov/cgi-bin/browse-edgar?action=getcompany&CIK=F
FTV,Fortive Corp,Industrials,54.00,0.52,21.13,2.56,7.39,46.29,56.24,18.67,1.45,3.01,7.26,http://www.sec.gov/cgi-bin/browse-edgar?action=getcompany&CIK=FTV
FBHS,Fortune Brands Home & Security,Industrials,56.44,1.16,22.59,2.50,15.29,44.19,64.47,8.71,0.7533,1.77,3.69,http://www.sec.gov/cgi-bin/browse-edgar?action=getcompany&CIK=FBHS
BEN,Franklin Resources,Financials,41.10,1.77,13.98,2.94,20.93,30.56,42.18,23.38,2.43,3.61,2.01,http://www.sec.gov/cgi-bin/browse-edgar?action=getcompany&CIK=BEN
FCX,Freeport-McMoran Cp & Gld,Materials,15.78,0.00,,-6.76,3.47,3.52,16.42,21.49,3.20,1.39,4.49,http://www.sec.gov/cgi-bin/browse-edgar?action=getcompany&CIK=FCX
FTR,Frontier Communications,Telecommunications Services,3.695,11.670,,-0.529,4.055,3.100,5.850,4.33,3.08,0.549,0.912,http://www.sec.gov/cgi-bin/browse-edgar?action=getcompany&CIK=FTR
GPS,Gap (The),Consumer Discretionary,25.835,3.470,15.378,1.680,6.832,17.000,30.740,10.31,1.98,0.683,3.876,http://www.sec.gov/cgi-bin/browse-edgar?action=getcompany&CIK=GPS
GRMN,Garmin Ltd.,Consumer Discretionary,49.80,3.96,18.59,2.68,17.84,30.93,56.19,9.38,0.69237,3.31,2.89,http://www.sec.gov/cgi-bin/browse-edgar?action=getcompany&CIK=GRMN
GD,General Dynamics,Industrials,175.35,1.71,18.77,9.34,37.24,121.61,180.09,53.30,4.69,1.71,4.66,http://www.sec.gov/cgi-bin/browse-edgar?action=getcompany&CIK=GD
GE,General Electric,Industrials,31.8062,2.9500,27.3484,1.1630,9.2550,27.1000,33.0000,281.37,16.54,2.2648,3.4068,http://www.sec.gov/cgi-bin/browse-edgar?action=getcompany&CIK=GE
GGP,General Growth Properties Inc.,Financials,26.355,3.430,20.430,1.290,9.710,23.890,32.100,23.33,1.81,9.120,2.712,http://www.sec.gov/cgi-bin/browse-edgar?action=getcompany&CIK=GGP
GIS,General Mills,Consumer Staples,63.17,3.15,22.97,2.75,8.26,53.53,72.95,37.36,3.34,2.27,7.57,http://www.sec.gov/cgi-bin/browse-edgar?action=getcompany&CIK=GIS
GM,General Motors,Consumer Discretionary,37.598,4.330,4.292,8.759,29.813,26.690,37.655,57.31,18.66,0.343,1.222,http://www.sec.gov/cgi-bin/browse-edgar?action=getcompany&CIK=GM
GPC,Genuine Parts,Consumer Discretionary,98.465,2.700,21.276,4.628,22.336,76.500,105.970,14.65,1.24,0.965,4.426,http://www.sec.gov/cgi-bin/browse-edgar?action=getcompany&CIK=GPC
GILD,Gilead Sciences,Health Care,72.77,2.58,6.73,10.81,12.76,70.83,104.79,95.87,20.38,3.00,5.64,http://www.sec.gov/cgi-bin/browse-edgar?action=getcompany&CIK=GILD
GPN,Global Payments Inc,Information Technology,72.04,0.06,37.08,1.94,17.87,51.29,79.93,11.07,0.74239,3.57,4.02,http://www.sec.gov/cgi-bin/browse-edgar?action=getcompany&CIK=GPN
GS,Goldman Sachs Group,Financials,241.44,1.12,19.38,12.46,181.25,138.20,242.42,101.11,0.00,3.40,1.33,http://www.sec.gov/cgi-bin/browse-edgar?action=getcompany&CIK=GS
GT,Goodyear Tire & Rubber,Consumer Discretionary,32.255,1.330,26.947,1.197,17.150,24.306,33.510,8.42,2.35,0.538,1.859,http://www.sec.gov/cgi-bin/browse-edgar?action=getcompany&CIK=GT
GWW,Grainger (W.W.) Inc.,Industrials,239.51,2.07,21.56,11.11,34.29,176.85,240.10,14.27,1.47,1.40,6.97,http://www.sec.gov/cgi-bin/browse-edgar?action=getcompany&CIK=GWW
HAL,Halliburton Co.,Energy,54.27,1.33,,-6.57,11.21,27.64,54.92,46.91,2.25,2.78,4.86,http://www.sec.gov/cgi-bin/browse-edgar?action=getcompany&CIK=HAL
HBI,Hanesbrands Inc,Consumer Discretionary,23.03,1.92,17.81,1.29,3.14,21.50,31.36,8.70,0.98676,1.48,7.29,http://www.sec.gov/cgi-bin/browse-edgar?action=getcompany&CIK=HBI
HOG,Harley-Davidson,Consumer Discretionary,60.80,2.27,16.28,3.73,11.17,36.36,62.35,10.85,1.26,1.81,5.51,http://www.sec.gov/cgi-bin/browse-edgar?action=getcompany&CIK=HOG
HAR,Harman Int'l Industries,Consumer Discretionary,109.70,1.28,20.94,5.24,35.88,64.93,110.85,7.65,0.84762,1.09,3.07,http://www.sec.gov/cgi-bin/browse-edgar?action=getcompany&CIK=HAR
HRS,Harris Corporation,Information Technology,105.38,1.99,39.38,2.68,24.60,70.97,107.54,13.10,1.68,1.78,4.30,http://www.sec.gov/cgi-bin/browse-edgar?action=getcompany&CIK=HRS
HIG,Hartford Financial Svc.Gp.,Financials,48.645,1.940,14.031,3.467,49.146,36.540,48.690,18.37,2.31,0.995,0.976,http://www.sec.gov/cgi-bin/browse-edgar?action=getcompany&CIK=HIG
HAS,Hasbro Inc.,Consumer Discretionary,85.96,2.42,20.42,4.21,13.94,64.91,88.53,10.73,0.9406,2.23,6.22,http://www.sec.gov/cgi-bin/browse-edgar?action=getcompany&CIK=HAS
HCA,HCA Holdings,Health Care,73.29,0.00,11.60,6.32,-20.64,60.07,83.69,27.46,8.09,0.66,,http://www.sec.gov/cgi-bin/browse-edgar?action=getcompany&CIK=HCA
HCP,HCP Inc.,Financials,30.16,5.03,,-0.07,19.63,22.87,36.82,14.11,1.78,5.36,1.53,http://www.sec.gov/cgi-bin/browse-edgar?action=getcompany&CIK=HCP
HP,Helmerich & Payne,Energy,81.51,3.50,,-0.54,42.20,40.02,82.72,8.82,0.58778,5.42,1.93,http://www.sec.gov/cgi-bin/browse-edgar?action=getcompany&CIK=HP
HSIC,Henry Schein,Health Care,152.66,,25.35,6.02,35.90,142.64,183.00,12.29,0.96657,1.07,4.19,http://www.sec.gov/cgi-bin/browse-edgar?action=getcompany&CIK=HSIC
HES,Hess Corporation,Energy,62.57,1.67,,-10.23,63.34,32.41,63.76,19.60,1.07,4.12,0.97,http://www.sec.gov/cgi-bin/browse-edgar?action=getcompany&CIK=HES
HPE,Hewlett Packard Enterprise,Information Technology,24.50,0.96,13.46,1.82,18.88,11.62,24.79,40.82,7.83,0.82,1.31,http://www.sec.gov/cgi-bin/browse-edgar?action=getcompany&CIK=HPE
HOLX,Hologic,Health Care,39.08,,33.69,1.16,7.72,31.84,40.20,10.87,1.03,3.83,5.05,http://www.sec.gov/cgi-bin/browse-edgar?action=getcompany&CIK=HOLX
HD,Home Depot,Consumer Discretionary,133.11,2.08,21.61,6.16,4.61,109.62,139.00,162.15,14.93,1.73,28.76,http://www.sec.gov/cgi-bin/browse-edgar?action=getcompany&CIK=HD
HON,Honeywell Int'l Inc.,Industrials,116.25,2.35,18.19,6.39,25.18,93.71,120.02,88.60,7.80,2.24,4.59,http://www.sec.gov/cgi-bin/browse-edgar?action=getcompany&CIK=HON
HRL,Hormel Foods Corp.,Consumer Staples,34.405,2.040,20.979,1.640,8.418,33.180,45.720,18.19,1.42,1.893,4.050,http://www.sec.gov/cgi-bin/browse-edgar?action=getcompany&CIK=HRL
HST,Host Hotels & Resorts,Financials,19.16,4.33,18.09,1.06,9.61,12.17,19.28,14.18,1.43,2.57,1.98,http://www.sec.gov/cgi-bin/browse-edgar?action=getcompany&CIK=HST
HPQ,HP Inc.,Information Technology,15.815,3.400,11.044,1.432,-2.272,8.910,16.250,27.08,4.27,0.574,,http://www.sec.gov/cgi-bin/browse-edgar?action=getcompany&CIK=HPQ
HUM,Humana Inc.,Health Care,202.32,0.57,27.36,7.39,75.69,150.00,217.80,30.17,2.78,0.56,2.73,http://www.sec.gov/cgi-bin/browse-edgar?action=getcompany&CIK=HUM
HBAN,Huntington Bancshares,Financials,13.475,2.420,19.032,0.708,8.587,7.830,13.640,14.62,0.00,4.736,1.567,http://www.sec.gov/cgi-bin/browse-edgar?action=getcompany&CIK=HBAN
ITW,Illinois Tool Works,Industrials,126.96,2.06,23.18,5.48,13.64,79.15,127.99,44.56,3.48,3.30,9.29,http://www.sec.gov/cgi-bin/browse-edgar?action=getcompany&CIK=ITW
ILMN,Illumina Inc,Health Care,123.10,,41.31,2.98,15.25,119.37,196.47,18.08,0.7206,7.65,8.10,http://www.sec.gov/cgi-bin/browse-edgar?action=getcompany&CIK=ILMN
IR,Ingersoll-Rand PLC,Industrials,78.40,2.05,13.60,5.76,26.20,47.08,79.04,20.25,1.94,1.51,3.01,http://www.sec.gov/cgi-bin/browse-edgar?action=getcompany&CIK=IR
INTC,Intel Corp.,Information Technology,35.78,3.00,16.79,2.13,13.32,27.68,38.36,169.56,22.79,2.92,2.68,http://www.sec.gov/cgi-bin/browse-edgar?action=getcompany&CIK=INTC
ICE,Intercontinental Exchange,Financials,59.64,1.15,24.43,2.44,26.07,45.44,59.86,6.86,2.62,1.61,2.28,http://www.sec.gov/cgi-bin/browse-edgar?action=getcompany&CIK=ICE
IBM,International Bus. Machines,Information Technology,166.606,3.490,13.575,12.273,17.889,116.900,166.720,158.42,17.54,1.960,9.244,http://www.sec.gov/cgi-bin/browse-edgar?action=getcompany&CIK=IBM
IP,International Paper,Materials,53.83,3.47,25.93,2.08,10.24,32.50,54.12,22.14,2.93,1.04,5.24,http://www.sec.gov/cgi-bin/browse-edgar?action=getcompany&CIK=IP
IPG,Interpublic Group,Consumer Discretionary,23.935,2.580,17.902,1.337,4.890,19.790,24.820,9.50,1.07,1.206,4.832,http://www.sec.gov/cgi-bin/browse-edgar?action=getcompany&CIK=IPG
IFF,Intl Flavors & Fragrances,Materials,125.24,2.10,24.92,5.03,21.31,97.24,143.64,9.95,0.70174,3.25,5.90,http://www.sec.gov/cgi-bin/browse-edgar?action=getcompany&CIK=IFF
INTU,Intuit Inc.,Information Technology,117.055,1.080,31.315,3.738,3.641,88.170,117.740,30.04,1.43,6.346,32.318,http://www.sec.gov/cgi-bin/browse-edgar?action=getcompany&CIK=INTU
ISRG,Intuitive Surgical Inc.,Health Care,626.00,,33.76,18.54,143.20,502.01,727.25,24.26,1.02,9.16,4.33,http://www.sec.gov/cgi-bin/browse-edgar?action=getcompany&CIK=ISRG
IVZ,Invesco Ltd.,Financials,32.87,3.42,16.57,1.98,18.94,23.02,33.78,13.43,1.35,2.83,1.75,http://www.sec.gov/cgi-bin/browse-edgar?action=getcompany&CIK=IVZ
IRM,Iron Mountain Incorporated,Industrials,34.73,6.34,131.55,0.26,8.07,23.64,41.50,9.15,1.00,2.77,4.34,http://www.sec.gov/cgi-bin/browse-edgar?action=getcompany&CIK=IRM
JBHT,J. B. Hunt Transport Services,Industrials,99.45,0.90,26.29,3.78,12.35,63.58,102.38,11.16,1.08,1.75,8.15,http://www.sec.gov/cgi-bin/browse-edgar?action=getcompany&CIK=JBHT
JEC,Jacobs Engineering Group,Industrials,61.48,0.00,35.54,1.73,35.26,34.76,63.42,7.42,0.6549400000000001,0.67,1.73,http://www.sec.gov/cgi-bin/browse-edgar?action=getcompany&CIK=JEC
JNJ,Johnson & Johnson,Health Care,112.315,2.860,19.715,5.697,26.728,94.280,126.070,305.56,23.77,4.217,4.153,http://www.sec.gov/cgi-bin/browse-edgar?action=getcompany&CIK=JNJ
JCI,Johnson Controls,Consumer Discretionary,43.705,2.530,,-1.301,25.773,28.940,48.970,40.90,3.51,1.084,1.694,http://www.sec.gov/cgi-bin/browse-edgar?action=getcompany&CIK=JCI
JPM,JPMorgan Chase & Co.,Financials,85.31,2.29,14.72,5.80,63.80,52.50,85.50,305.22,0.00,3.41,1.33,http://www.sec.gov/cgi-bin/browse-edgar?action=getcompany&CIK=JPM
JNPR,Juniper Networks,Information Technology,28.375,1.440,18.378,1.544,12.556,21.180,29.570,10.79,1.08,2.214,2.283,http://www.sec.gov/cgi-bin/browse-edgar?action=getcompany&CIK=JNPR
KSU,Kansas City Southern,Industrials,86.065,1.530,19.066,4.514,37.794,62.200,100.690,9.26,1.12,3.975,2.281,http://www.sec.gov/cgi-bin/browse-edgar?action=getcompany&CIK=KSU
K,Kellogg Co.,Consumer Staples,73.1075,2.8900,36.7929,1.9870,6.2250,68.7300,87.1600,25.65,2.03,1.9371,11.5807,http://www.sec.gov/cgi-bin/browse-edgar?action=getcompany&CIK=K
KEY,KeyCorp,Financials,18.4357,1.8900,21.2393,0.8680,12.7820,9.8800,18.6100,19.92,0.00,4.6298,1.4372,http://www.sec.gov/cgi-bin/browse-edgar?action=getcompany&CIK=KEY
KMB,Kimberly-Clark,Consumer Staples,114.66,3.22,20.85,5.50,0.83,111.30,138.87,41.07,4.01,2.23,135.97,http://www.sec.gov/cgi-bin/browse-edgar?action=getcompany&CIK=KMB
KIM,Kimco Realty,Financials,26.035,4.170,17.461,1.491,12.474,24.750,32.240,11.07,0.72482,9.517,2.112,http://www.sec.gov/cgi-bin/browse-edgar?action=getcompany&CIK=KIM
KMI,Kinder Morgan,Energy,21.1054,2.3700,,-0.1550,15.5180,11.2000,23.3600,47.11,6.53,3.5570,1.3662,http://www.sec.gov/cgi-bin/browse-edgar?action=getcompany&CIK=KMI
KLAC,KLA-Tencor Corp.,Information Technology,77.19,2.76,15.55,4.96,5.00,62.33,83.23,12.07,1.13,3.99,15.77,http://www.sec.gov/cgi-bin/browse-edgar?action=getcompany&CIK=KLAC
KSS,Kohl's Corp.,Consumer Discretionary,57.36,3.64,17.46,3.29,29.02,33.87,59.67,10.12,2.38,0.56,2.05,http://www.sec.gov/cgi-bin/browse-edgar?action=getcompany&CIK=KSS
KHC,Kraft Heinz Co,Consumer Staples,83.77,2.89,36.87,2.27,47.34,68.18,90.54,101.97,8.71,3.74,1.74,http://www.sec.gov/cgi-bin/browse-edgar?action=getcompany&CIK=KHC
KR,Kroger Co.,Consumer Staples,34.745,1.450,16.696,2.081,7.099,28.710,42.750,32.45,5.88,0.280,4.816,http://www.sec.gov/cgi-bin/browse-edgar?action=getcompany&CIK=KR
LB,L Brands Inc.,Consumer Discretionary,74.31,3.34,18.70,3.97,-4.16,60.00,98.98,21.25,2.63,1.72,,http://www.sec.gov/cgi-bin/browse-edgar?action=getcompany&CIK=LB
LLL,L-3 Communications Holdings,Industrials,158.46,1.77,35.20,4.50,59.05,105.88,161.91,12.25,1.23,1.18,2.68,http://www.sec.gov/cgi-bin/browse-edgar?action=getcompany&CIK=LLL
LH,Laboratory Corp. of America Holding,Health Care,127.705,0.000,20.251,6.306,53.730,97.790,141.320,13.15,1.79,1.408,2.365,http://www.sec.gov/cgi-bin/browse-edgar?action=getcompany&CIK=LH
LRCX,Lam Research,Information Technology,104.01,1.75,20.65,5.04,38.25,63.10,108.19,16.94,1.41,2.95,2.80,http://www.sec.gov/cgi-bin/browse-edgar?action=getcompany&CIK=LRCX
LM,Legg Mason,Financials,33.44,2.77,,-0.82,40.20,24.93,41.00,3.38,0.45569,1.23,0.83,http://www.sec.gov/cgi-bin/browse-edgar?action=getcompany&CIK=LM
LEG,Leggett & Platt,Industrials,49.85,2.80,18.23,2.73,8.24,36.64,54.63,6.66,0.5999,1.76,6.07,http://www.sec.gov/cgi-bin/browse-edgar?action=getcompany&CIK=LEG
LEN,Lennar Corp.,Consumer Discretionary,44.895,0.370,11.811,3.801,28.733,37.140,50.790,10.23,1.29,0.989,1.589,http://www.sec.gov/cgi-bin/browse-edgar?action=getcompany&CIK=LEN
LUK,Leucadia National Corp.,Financials,23.96,1.09,204.79,0.12,27.97,14.27,24.17,8.63,1.06,0.81,0.85,http://www.sec.gov/cgi-bin/browse-edgar?action=getcompany&CIK=LUK
LVLT,Level 3 Communications,Telecommunications Services,56.26,,5.44,10.34,29.82,41.73,57.59,20.25,2.67,2.47,1.89,http://www.sec.gov/cgi-bin/browse-edgar?action=getcompany&CIK=LVLT
LLY,Lilly (Eli) & Co.,Health Care,67.9583,3.0300,29.5599,2.2990,14.7390,64.1800,87.2100,71.88,5.06,3.4106,4.5587,http://www.sec.gov/cgi-bin/browse-edgar?action=getcompany&CIK=LLY
LNC,Lincoln National,Financials,68.31,1.73,12.91,5.29,71.43,30.39,69.30,15.61,1.81,1.19,0.96,http://www.sec.gov/cgi-bin/browse-edgar?action=getcompany&CIK=LNC
LLTC,Linear Technology Corp.,Information Technology,62.42,2.05,30.75,2.03,7.54,37.33,64.42,15.00,0.7040700000000001,10.34,8.31,http://www.sec.gov/cgi-bin/browse-edgar?action=getcompany&CIK=LLTC
LKQ,LKQ Corporation,Consumer Discretionary,34.18,,22.34,1.53,11.15,23.95,36.35,10.51,1.02,1.22,3.02,http://www.sec.gov/cgi-bin/browse-edgar?action=getcompany&CIK=LKQ
LMT,Lockheed Martin Corp.,Industrials,259.63,2.74,15.18,17.10,7.93,200.47,269.90,76.07,6.87,1.50,32.70,http://www.sec.gov/cgi-bin/browse-edgar?action=getcompany&CIK=LMT
L,Loews Corp.,Financials,47.43,0.54,99.02,0.48,54.22,33.84,47.46,15.98,2.63,1.21,0.87,http://www.sec.gov/cgi-bin/browse-edgar?action=getcompany&CIK=L
LOW,Lowe's Cos.,Consumer Discretionary,74.73,1.93,27.43,2.72,7.56,62.62,83.65,65.00,7.25,1.05,9.95,http://www.sec.gov/cgi-bin/browse-edgar?action=getcompany&CIK=LOW
LYB,LyondellBasell,Materials,88.30,3.87,9.82,8.99,14.86,69.10,93.75,35.98,6.08,1.29,6.09,http://www.sec.gov/cgi-bin/browse-edgar?action=getcompany&CIK=LYB
MTB,M&T Bank Corp.,Financials,153.96,1.88,20.65,7.45,97.49,100.08,154.76,23.87,0.00,4.74,1.57,http://www.sec.gov/cgi-bin/browse-edgar?action=getcompany&CIK=MTB
MAC,Macerich,Financials,71.55,4.11,11.99,5.97,28.94,66.00,94.51,10.28,0.66616,9.08,2.45,http://www.sec.gov/cgi-bin/browse-edgar?action=getcompany&CIK=MAC
M,Macy's Inc.,Consumer Discretionary,42.37,3.56,19.29,2.20,12.40,29.94,45.50,12.95,3.01,0.50,3.47,http://www.sec.gov/cgi-bin/browse-edgar?action=getcompany&CIK=M
MNK,Mallinckrodt Plc,Health Care,52.58,,9.10,5.78,49.18,50.59,85.83,5.57,1.53,1.64,1.06,http://www.sec.gov/cgi-bin/browse-edgar?action=getcompany&CIK=MNK
MRO,Marathon Oil Corp.,Energy,18.225,1.090,,-2.013,22.340,6.520,19.140,15.44,0.858,3.826,0.823,http://www.sec.gov/cgi-bin/browse-edgar?action=getcompany&CIK=MRO
MPC,Marathon Petroleum,Energy,49.457,3.050,23.285,2.124,25.369,29.240,53.180,26.10,4.43,0.486,1.973,http://www.sec.gov/cgi-bin/browse-edgar?action=getcompany&CIK=MPC
MAR,Marriott Int'l.,Consumer Discretionary,83.47,1.46,29.72,2.81,14.96,56.43,84.59,32.59,1.65,10.91,5.58,http://www.sec.gov/cgi-bin/browse-edgar?action=getcompany&CIK=MAR
MMC,Marsh & McLennan,Financials,69.505,1.980,21.380,3.251,12.915,50.810,69.770,35.84,3.07,2.711,5.368,http://www.sec.gov/cgi-bin/browse-edgar?action=getcompany&CIK=MMC
MLM,Martin Marietta Materials,Materials,230.9142,0.7300,36.4390,6.3370,65.4730,108.3100,236.4100,14.66,0.91774,4.2217,3.5239,http://www.sec.gov/cgi-bin/browse-edgar?action=getcompany&CIK=MLM
MAS,Masco Corp.,Industrials,32.585,1.280,23.510,1.386,-0.302,23.100,37.380,10.57,1.20,1.444,,http://www.sec.gov/cgi-bin/browse-edgar?action=getcompany&CIK=MAS
MA,Mastercard Inc.,Information Technology,104.305,0.750,28.837,3.617,5.695,78.520,108.930,113.65,5.99,10.839,18.406,http://www.sec.gov/cgi-bin/browse-edgar?action=getcompany&CIK=MA
MAT,Mattel Inc.,Consumer Discretionary,29.44,5.14,28.15,1.05,7.06,23.85,34.76,10.07,0.87276,1.81,4.20,http://www.sec.gov/cgi-bin/browse-edgar?action=getcompany&CIK=MAT
MKC,McCormick & Co.,Consumer Staples,92.45,2.08,25.52,3.62,13.94,78.45,107.84,11.66,0.7455,2.63,6.56,http://www.sec.gov/cgi-bin/browse-edgar?action=getcompany&CIK=MKC
MCD,McDonald's Corp.,Consumer Discretionary,120.93,3.15,22.72,5.32,-1.96,110.33,131.96,100.43,9.25,4.01,,http://www.sec.gov/cgi-bin/browse-edgar?action=getcompany&CIK=MCD
MCK,McKesson Corp.,Health Care,146.78,0.77,17.59,8.34,41.79,114.53,202.20,33.18,4.33,0.17,3.43,http://www.sec.gov/cgi-bin/browse-edgar?action=getcompany&CIK=MCK
MJN,Mead Johnson,Consumer Staples,73.76,2.27,27.41,2.69,-2.59,65.53,94.40,13.63,1.00,3.51,,http://www.sec.gov/cgi-bin/browse-edgar?action=getcompany&CIK=MJN
MDT,Medtronic plc,Health Care,73.285,2.390,24.404,3.003,36.551,71.030,89.270,100.62,8.95,3.411,1.972,http://www.sec.gov/cgi-bin/browse-edgar?action=getcompany&CIK=MDT
MRK,Merck & Co.,Health Care,61.44,3.13,31.38,1.96,15.84,47.97,65.46,169.40,15.15,4.15,3.80,http://www.sec.gov/cgi-bin/browse-edgar?action=getcompany&CIK=MRK
MET,MetLife Inc.,Financials,57.3642,2.8700,17.6234,3.2550,71.2350,35.0000,57.7800,63.05,5.45,0.9327,0.8028,http://www.sec.gov/cgi-bin/browse-edgar?action=getcompany&CIK=MET
KORS,Michael Kors Holdings,Consumer Discretionary,49.63,,11.31,4.39,10.25,34.83,59.49,8.14,1.27,1.78,4.94,http://www.sec.gov/cgi-bin/browse-edgar?action=getcompany&CIK=KORS
MCHP,Microchip Technology,Information Technology,64.41,2.24,280.04,0.23,11.67,39.01,66.81,13.91,0.8236100000000001,5.09,5.59,http://www.sec.gov/cgi-bin/browse-edgar?action=getcompany&CIK=MCHP
MU,Micron Technology,Information Technology,20.50,0.00,,-0.27,11.61,9.31,20.99,21.35,3.21,1.74,1.78,http://www.sec.gov/cgi-bin/browse-edgar?action=getcompany&CIK=MU
MSFT,Microsoft Corp.,Information Technology,61.9643,2.6000,29.6764,2.0880,9.0410,48.0350,61.9700,481.79,26.96,5.5551,6.7481,http://www.sec.gov/cgi-bin/browse-edgar?action=getcompany&CIK=MSFT
MHK,Mohawk Industries,Consumer Discretionary,200.16,,,49.90,76.40,148.56,216.58,14.84,1.70,1.70,2.63,http://www.sec.gov/cgi-bin/browse-edgar?action=getcompany&CIK=MHK
TAP,Molson Coors Brewing Company,Consumer Staples,98.97,1.69,35.73,2.77,46.16,80.78,112.19,21.27,0.6055,6.14,2.13,http://www.sec.gov/cgi-bin/browse-edgar?action=getcompany&CIK=TAP
MDLZ,Mondelez International,Consumer Staples,41.855,1.870,79.876,0.524,17.798,35.880,46.400,64.64,4.32,2.407,2.322,http://www.sec.gov/cgi-bin/browse-edgar?action=getcompany&CIK=MDLZ
MON,Monsanto Co.,Materials,104.735,2.050,35.052,2.988,10.356,83.730,114.260,45.87,3.75,3.396,10.110,http://www.sec.gov/cgi-bin/browse-edgar?action=getcompany&CIK=MON
MNST,Monster Beverage,Consumer Staples,43.92,,39.43,1.11,5.95,37.69,55.50,25.08,1.14,8.36,7.24,http://www.sec.gov/cgi-bin/browse-edgar?action=getcompany&CIK=MNST
MCO,Moody's Corp,Financials,100.11,1.53,21.59,4.64,-2.95,77.76,110.83,19.14,1.58,5.31,,http://www.sec.gov/cgi-bin/browse-edgar?action=getcompany&CIK=MCO
MS,Morgan Stanley,Financials,43.775,1.880,17.594,2.488,37.106,21.160,44.040,81.98,0.00,2.447,1.174,http://www.sec.gov/cgi-bin/browse-edgar?action=getcompany&CIK=MS
MSI,Motorola Solutions Inc.,Information Technology,82.97,2.29,24.48,3.39,-3.97,59.13,83.57,13.77,1.44,2.37,,http://www.sec.gov/cgi-bin/browse-edgar?action=getcompany&CIK=MSI
MUR,Murphy Oil,Energy,32.96,5.06,,-4.65,29.53,14.30,37.48,5.68,0.79006,2.88,1.12,http://www.sec.gov/cgi-bin/browse-edgar?action=getcompany&CIK=MUR
MYL,Mylan N.V.,Health Care,36.5499,0.0000,73.2463,0.4990,22.1040,33.6000,55.5050,19.56,3.30,1.8734,1.6314,http://www.sec.gov/cgi-bin/browse-edgar?action=getcompany&CIK=MYL
NDAQ,NASDAQ OMX Group,Financials,68.64,1.89,24.13,2.85,34.83,54.62,71.92,11.34,1.17,3.11,1.95,http://www.sec.gov/cgi-bin/browse-edgar?action=getcompany&CIK=NDAQ
NOV,National Oilwell Varco Inc.,Energy,39.735,0.510,,-8.613,39.235,25.740,40.470,15.01,0.041,1.819,1.016,http://www.sec.gov/cgi-bin/browse-edgar?action=getcompany&CIK=NOV
NAVI,Navient,Financials,17.31,3.76,7.10,2.44,12.24,8.20,17.95,5.25,0.00,2.43,1.40,http://www.sec.gov/cgi-bin/browse-edgar?action=getcompany&CIK=NAVI
NTAP,NetApp,Information Technology,36.47,2.08,33.09,1.10,10.10,20.66,39.00,10.04,0.715,1.85,3.59,http://www.sec.gov/cgi-bin/browse-edgar?action=getcompany&CIK=NTAP
NFLX,Netflix Inc.,Information Technology,122.47,,331.00,0.37,5.89,79.95,129.29,52.56,0.34458,6.47,20.91,http://www.sec.gov/cgi-bin/browse-edgar?action=getcompany&CIK=NFLX
NWL,Newell Rubbermaid Co.,Consumer Discretionary,45.525,1.660,44.371,1.026,23.688,33.260,55.450,21.96,1.78,2.039,1.908,http://www.sec.gov/cgi-bin/browse-edgar?action=getcompany&CIK=NWL
NFX,Newfield Exploration Co,Energy,47.71,,,-10.37,4.64,20.84,48.22,9.41,0.579,6.62,10.26,http://www.sec.gov/cgi-bin/browse-edgar?action=getcompany&CIK=NFX
NEM,Newmont Mining Corp. (Hldg. Co.),Materials,32.655,0.370,,-1.013,20.918,16.050,46.070,17.33,3.19,2.242,1.619,http://www.sec.gov/cgi-bin/browse-edgar?action=getcompany&CIK=NEM
NWSA,News Corp. Class A,Consumer Discretionary,12.05,1.69,,-0.02,19.83,10.21,14.68,7.01,0.655,0.84,0.60,http://www.sec.gov/cgi-bin/browse-edgar?action=getcompany&CIK=NWSA
NWS,News Corp. Class B,Consumer Discretionary,12.425,1.650,,-0.023,19.834,10.735,15.220,7.22,0.655,0.860,0.615,http://www.sec.gov/cgi-bin/browse-edgar?action=getcompany&CIK=NWS
NEE,NextEra Energy,Utilities,116.68,3.03,22.05,5.29,51.16,96.31,131.98,54.52,8.09,3.30,2.28,http://www.sec.gov/cgi-bin/browse-edgar?action=getcompany&CIK=NEE
NLSN,Nielsen Holdings,Industrials,42.775,2.920,26.291,1.627,11.879,41.000,55.940,15.29,1.56,2.391,3.535,http://www.sec.gov/cgi-bin/browse-edgar?action=getcompany&CIK=NLSN
NKE,Nike,Consumer Discretionary,51.725,1.420,23.342,2.216,7.293,49.010,68.195,86.14,4.99,2.600,7.068,http://www.sec.gov/cgi-bin/browse-edgar?action=getcompany&CIK=NKE
NI,NiSource Inc.,Utilities,21.74,2.96,23.10,0.94,11.82,18.60,26.94,7.02,1.35,1.63,1.84,http://www.sec.gov/cgi-bin/browse-edgar?action=getcompany&CIK=NI
NBL,Noble Energy Inc,Energy,39.485,1.000,,-6.444,22.198,23.770,40.380,16.98,1.38,5.334,1.783,http://www.sec.gov/cgi-bin/browse-edgar?action=getcompany&CIK=NBL
JWN,Nordstrom,Consumer Discretionary,60.56,2.58,32.23,1.88,4.97,35.01,62.82,10.50,1.59,0.73,12.38,http://www.sec.gov/cgi-bin/browse-edgar?action=getcompany&CIK=JWN
NSC,Norfolk Southern Corp.,Industrials,110.69,2.15,20.50,5.40,42.46,64.51,110.70,32.32,4.01,3.24,2.59,http://www.sec.gov/cgi-bin/browse-edgar?action=getcompany&CIK=NSC
NTRS,Northern Trust Corp.,Financials,89.17,1.76,21.25,4.20,38.41,54.38,90.53,20.19,0.00,4.15,2.34,http://www.sec.gov/cgi-bin/browse-edgar?action=getcompany&CIK=NTRS
NOC,Northrop Grumman Corp.,Industrials,238.66,1.46,20.37,11.72,32.62,175.00,253.80,42.07,3.51,1.76,7.29,http://www.sec.gov/cgi-bin/browse-edgar?action=getcompany&CIK=NOC
NRG,NRG Energy,Utilities,12.82,1.00,,-19.17,9.64,8.92,18.32,4.04,2.77,0.31,1.29,http://www.sec.gov/cgi-bin/browse-edgar?action=getcompany&CIK=NRG
NUE,Nucor Corp.,Materials,65.23,2.30,40.92,1.59,24.26,33.90,68.00,20.77,2.05,1.35,2.74,http://www.sec.gov/cgi-bin/browse-edgar?action=getcompany&CIK=NUE
NVDA,Nvidia Corporation,Information Technology,91.58,0.60,46.80,1.96,9.88,24.75,96.62,49.36,1.76,8.21,9.46,http://www.sec.gov/cgi-bin/browse-edgar?action=getcompany&CIK=NVDA
ORLY,O'Reilly Automotive,Consumer Discretionary,276.485,,26.799,10.317,20.066,225.120,292.840,26.12,1.87,3.103,13.820,http://www.sec.gov/cgi-bin/browse-edgar?action=getcompany&CIK=ORLY
OXY,Occidental Petroleum,Energy,70.71,4.32,,-7.18,29.18,58.24,78.48,54.04,3.33,5.24,2.38,http://www.sec.gov/cgi-bin/browse-edgar?action=getcompany&CIK=OXY
OMC,Omnicom Group,Consumer Discretionary,86.875,2.610,18.623,4.665,9.852,66.480,88.790,20.49,2.28,1.315,8.671,http://www.sec.gov/cgi-bin/browse-edgar?action=getcompany&CIK=OMC
OKE,ONEOK,Energy,56.95,4.38,42.06,1.35,1.02,18.84,58.14,11.99,1.65,1.49,56.89,http://www.sec.gov/cgi-bin/browse-edgar?action=getcompany&CIK=OKE
ORCL,Oracle Corp.,Information Technology,40.58,1.49,19.28,2.11,11.55,33.13,42.00,166.60,14.61,4.45,3.49,http://www.sec.gov/cgi-bin/browse-edgar?action=getcompany&CIK=ORCL
OI,Owens-Illinois Inc,Materials,18.54,,10.60,1.75,2.47,11.58,20.33,3.01,1.16,0.45,7.50,http://www.sec.gov/cgi-bin/browse-edgar?action=getcompany&CIK=OI
PCAR,PACCAR Inc.,Industrials,67.735,1.420,41.226,1.643,19.904,43.460,68.500,23.74,2.50,1.378,3.420,http://www.sec.gov/cgi-bin/browse-edgar?action=getcompany&CIK=PCAR
PH,Parker-Hannifin,Industrials,142.40,1.74,23.61,6.03,34.84,83.32,145.44,19.00,1.58,1.68,4.07,http://www.sec.gov/cgi-bin/browse-edgar?action=getcompany&CIK=PH
PDCO,Patterson Companies,Health Care,40.30,2.40,18.71,2.15,14.76,36.46,50.40,3.84,0.44698000000000004,0.68,2.70,http://www.sec.gov/cgi-bin/browse-edgar?action=getcompany&CIK=PDCO
PAYX,Paychex Inc.,Information Technology,60.22,3.14,28.54,2.11,5.50,45.76,61.87,21.78,1.29,7.23,10.96,http://www.sec.gov/cgi-bin/browse-edgar?action=getcompany&CIK=PAYX
PYPL,PayPal,Information Technology,39.685,,35.119,1.130,12.027,30.520,44.520,46.83,2.07,4.487,3.293,http://www.sec.gov/cgi-bin/browse-edgar?action=getcompany&CIK=PYPL
PNR,Pentair Ltd.,Industrials,60.33,2.25,,-0.35,23.96,41.57,66.99,10.96,1.28,1.62,2.53,http://www.sec.gov/cgi-bin/browse-edgar?action=getcompany&CIK=PNR
PBCT,People's United Financial,Financials,19.965,3.550,21.940,0.910,15.993,13.620,20.130,6.07,0.00,4.794,1.251,http://www.sec.gov/cgi-bin/browse-edgar?action=getcompany&CIK=PBCT
PEP,PepsiCo Inc.,Consumer Staples,103.795,2.960,22.772,4.558,8.879,93.250,110.940,148.86,12.08,2.368,11.505,http://www.sec.gov/cgi-bin/browse-edgar?action=getcompany&CIK=PEP
PKI,PerkinElmer,Health Care,53.60,0.54,24.95,2.15,19.50,39.50,57.28,5.87,0.44,2.56,2.72,http://www.sec.gov/cgi-bin/browse-edgar?action=getcompany&CIK=PKI
PRGO,Perrigo,Health Care,82.9325,0.6900,,-10.0790,60.4730,79.7200,152.3600,11.89,1.34,2.0144,1.3552,http://www.sec.gov/cgi-bin/browse-edgar?action=getcompany&CIK=PRGO
PFE,Pfizer Inc.,Health Care,31.79,3.80,31.92,1.00,10.43,28.25,37.39,192.91,19.98,3.53,2.97,http://www.sec.gov/cgi-bin/browse-edgar?action=getcompany&CIK=PFE
PCG,PG&E Corp.,Utilities,59.27,3.36,35.58,1.67,34.35,50.65,65.43,29.97,4.29,1.75,1.72,http://www.sec.gov/cgi-bin/browse-edgar?action=getcompany&CIK=PCG
PM,Philip Morris International,Consumer Staples,90.43,4.72,21.63,4.18,-7.83,84.46,104.20,140.29,10.91,5.31,,http://www.sec.gov/cgi-bin/browse-edgar?action=getcompany&CIK=PM
PSX,Phillips 66,Energy,87.25,2.97,22.85,3.82,43.98,71.74,90.87,45.44,3.10,0.66,1.99,http://www.sec.gov/cgi-bin/browse-edgar?action=getcompany&CIK=PSX
PNW,Pinnacle West Capital,Utilities,76.20,3.49,19.83,3.84,43.64,60.70,82.78,8.48,1.41,2.39,1.72,http://www.sec.gov/cgi-bin/browse-edgar?action=getcompany&CIK=PNW
PXD,Pioneer Natural Resources,Energy,186.50,0.04,,-7.04,61.42,103.50,194.78,31.65,0.814,8.98,3.04,http://www.sec.gov/cgi-bin/browse-edgar?action=getcompany&CIK=PXD
PBI,Pitney-Bowes,Industrials,15.88,4.90,11.56,1.37,0.70,14.22,21.81,2.95,0.75266,0.86,22.81,http://www.sec.gov/cgi-bin/browse-edgar?action=getcompany&CIK=PBI
PNC,PNC Financial Services,Financials,114.81,1.97,15.96,7.19,86.58,77.40,115.69,55.86,0.00,3.80,1.33,http://www.sec.gov/cgi-bin/browse-edgar?action=getcompany&CIK=PNC
RL,Polo Ralph Lauren Corp.,Consumer Discretionary,108.92,1.86,46.79,2.33,43.77,82.15,117.22,8.95,1.02,1.24,2.49,http://www.sec.gov/cgi-bin/browse-edgar?action=getcompany&CIK=RL
PPG,PPG Industries,Materials,99.51,1.66,31.61,3.15,19.06,88.37,117.00,26.27,2.70,1.71,5.22,http://www.sec.gov/cgi-bin/browse-edgar?action=getcompany&CIK=PPG
PPL,PPL Corp.,Utilities,33.51,4.59,12.45,2.69,14.69,32.08,39.92,22.77,3.94,3.01,2.25,http://www.sec.gov/cgi-bin/browse-edgar?action=getcompany&CIK=PPL
PX,Praxair Inc.,Materials,124.11,2.52,23.55,5.27,18.38,95.60,125.00,35.42,3.43,3.35,6.69,http://www.sec.gov/cgi-bin/browse-edgar?action=getcompany&CIK=PX
PCLN,Priceline.com Inc,Consumer Discretionary,1556.56,,39.73,39.18,198.62,954.02,1600.93,76.81,4.01,7.35,7.80,http://www.sec.gov/cgi-bin/browse-edgar?action=getcompany&CIK=PCLN
PFG,Principal Financial Group,Financials,60.42,2.89,14.16,4.27,37.52,33.09,61.34,17.38,1.69,1.50,1.62,http://www.sec.gov/cgi-bin/browse-edgar?action=getcompany&CIK=PFG
PG,Procter & Gamble,Consumer Staples,84.32,3.23,22.49,3.75,21.39,74.46,90.33,225.64,17.52,3.42,3.90,http://www.sec.gov/cgi-bin/browse-edgar?action=getcompany&CIK=PG
PGR,Progressive Corp.,Financials,34.25,2.66,20.50,1.67,13.94,29.32,35.54,19.89,1.77,0.87,2.44,http://www.sec.gov/cgi-bin/browse-edgar?action=getcompany&CIK=PGR
PLD,Prologis,Financials,52.58,3.31,31.41,1.67,27.85,35.25,54.87,27.79,1.79,10.07,1.88,http://www.sec.gov/cgi-bin/browse-edgar?action=getcompany&CIK=PLD
PRU,Prudential Financial,Financials,106.07,2.70,10.00,10.61,130.72,57.19,107.18,45.61,9.75,0.73,0.82,http://www.sec.gov/cgi-bin/browse-edgar?action=getcompany&CIK=PRU
PEG,Public Serv. Enterprise Inc.,Utilities,42.6957,3.9400,16.8093,2.5400,26.6850,36.8000,47.4100,21.60,3.53,2.3110,1.5833,http://www.sec.gov/cgi-bin/browse-edgar?action=getcompany&CIK=PEG
PSA,Public Storage,Financials,219.38,3.73,33.60,6.53,29.12,200.65,277.60,38.05,1.84,14.81,7.59,http://www.sec.gov/cgi-bin/browse-edgar?action=getcompany&CIK=PSA
PHM,Pulte Homes Inc.,Consumer Discretionary,19.55,1.93,12.30,1.59,14.06,14.61,22.40,6.47,0.97568,0.91,1.41,http://www.sec.gov/cgi-bin/browse-edgar?action=getcompany&CIK=PHM
PVH,PVH Corp.,Consumer Discretionary,106.67,0.14,14.93,7.15,60.33,64.16,115.40,8.46,1.07,1.05,1.79,http://www.sec.gov/cgi-bin/browse-edgar?action=getcompany&CIK=PVH
QRVO,Qorvo,Information Technology,56.66,,,-0.22,39.19,33.30,64.80,7.24,0.75521,2.64,1.48,http://www.sec.gov/cgi-bin/browse-edgar?action=getcompany&CIK=QRVO
QCOM,QUALCOMM Inc.,Information Technology,68.29,3.14,17.92,3.81,21.53,42.24,71.62,100.86,8.24,4.30,3.18,http://www.sec.gov/cgi-bin/browse-edgar?action=getcompany&CIK=QCOM
PWR,Quanta Services Inc.,Industrials,35.52,,53.41,0.67,21.66,16.77,35.85,5.37,0.47587999999999997,0.71,1.62,http://www.sec.gov/cgi-bin/browse-edgar?action=getcompany&CIK=PWR
DGX,Quest Diagnostics,Health Care,91.21,2.03,19.36,4.71,33.55,59.66,91.21,12.65,1.47,1.66,2.67,http://www.sec.gov/cgi-bin/browse-edgar?action=getcompany&CIK=DGX
RRC,Range Resources Corp.,Energy,38.57,0.21,,-4.00,22.40,19.21,46.96,9.40,0.17815999999999999,8.19,1.71,http://www.sec.gov/cgi-bin/browse-edgar?action=getcompany&CIK=RRC
RTN,Raytheon Co.,Industrials,146.41,1.96,19.55,7.49,35.60,115.73,152.58,42.99,3.68,1.78,4.11,http://www.sec.gov/cgi-bin/browse-edgar?action=getcompany&CIK=RTN
O,Realty Income Corporation,Financials,55.725,4.370,50.476,1.104,24.592,48.370,72.300,14.41,0.97807,13.261,2.250,http://www.sec.gov/cgi-bin/browse-edgar?action=getcompany&CIK=O
RHT,Red Hat Inc.,Information Technology,78.70,,66.19,1.19,7.34,59.59,84.44,14.13,0.38445999999999997,6.34,10.74,http://www.sec.gov/cgi-bin/browse-edgar?action=getcompany&CIK=RHT
REGN,Regeneron,Health Care,372.265,,54.314,6.854,42.842,325.350,563.790,39.03,1.31,8.179,8.617,http://www.sec.gov/cgi-bin/browse-edgar?action=getcompany&CIK=REGN
RF,Regions Financial Corp.,Financials,14.5643,1.8000,17.1143,0.8510,13.3820,7.0000,14.7300,17.93,0.00,3.3858,1.0873,http://www.sec.gov/cgi-bin/browse-edgar?action=getcompany&CIK=RF
RSG,Republic Services Inc,Industrials,56.49,2.27,32.84,1.72,22.42,41.82,56.70,19.20,2.61,2.06,2.52,http://www.sec.gov/cgi-bin/browse-edgar?action=getcompany&CIK=RSG
RAI,Reynolds American Inc.,Consumer Staples,55.14,3.33,14.33,3.85,15.11,43.38,56.65,78.62,5.61,6.32,3.63,http://www.sec.gov/cgi-bin/browse-edgar?action=getcompany&CIK=RAI
RHI,Robert Half International,Industrials,48.465,1.830,17.490,2.771,8.580,34.340,48.930,6.18,0.6346799999999999,1.179,5.695,http://www.sec.gov/cgi-bin/browse-edgar?action=getcompany&CIK=RHI
ROK,Rockwell Automation Inc.,Industrials,139.43,2.23,25.08,5.56,15.49,87.53,139.46,17.88,1.17,3.00,8.89,http://www.sec.gov/cgi-bin/browse-edgar?action=getcompany&CIK=ROK
COL,Rockwell Collins,Industrials,94.36,1.39,17.13,5.51,15.96,76.03,96.55,12.29,1.21,2.35,5.93,http://www.sec.gov/cgi-bin/browse-edgar?action=getcompany&CIK=COL
ROP,Roper Industries,Industrials,185.58,0.76,27.71,6.70,56.32,155.79,193.32,18.82,1.28,4.99,3.25,http://www.sec.gov/cgi-bin/browse-edgar?action=getcompany&CIK=ROP
ROST,Ross Stores,Consumer Discretionary,67.51,0.79,24.82,2.72,6.72,50.42,69.81,26.61,2.04,2.12,10.07,http://www.sec.gov/cgi-bin/browse-edgar?action=getcompany&CIK=ROST
RCL,Royal Caribbean Cruises Ltd,Consumer Discretionary,85.88,2.31,15.19,5.65,40.97,64.21,103.40,18.43,2.31,2.17,2.09,http://www.sec.gov/cgi-bin/browse-edgar?action=getcompany&CIK=RCL
R,Ryder System,Industrials,82.41,2.15,15.18,5.43,39.22,45.12,85.42,4.41,1.81,0.67,2.16,http://www.sec.gov/cgi-bin/browse-edgar?action=getcompany&CIK=R
SPGI,"S&P Global, Inc.",Financials,115.37,1.27,17.01,6.78,1.78,78.55,128.40,29.89,2.43,5.25,64.06,http://www.sec.gov/cgi-bin/browse-edgar?action=getcompany&CIK=SPGI
CRM,Salesforce.com,Information Technology,71.14,,241.15,0.29,9.77,52.60,84.48,49.56,0.53422,6.33,7.36,http://www.sec.gov/cgi-bin/browse-edgar?action=getcompany&CIK=CRM
SCG,SCANA Corp,Utilities,72.77,3.21,18.28,3.98,39.71,56.50,76.41,10.40,1.54,2.50,1.82,http://www.sec.gov/cgi-bin/browse-edgar?action=getcompany&CIK=SCG
SLB,Schlumberger Ltd.,Energy,84.635,2.380,,-1.888,30.356,59.600,86.410,117.75,6.82,4.131,2.783,http://www.sec.gov/cgi-bin/browse-edgar?action=getcompany&CIK=SLB
SNI,Scripps Networks Interactive Inc.,Consumer Discretionary,71.61,1.42,11.83,6.05,15.70,50.81,73.71,9.25,1.48,2.80,4.64,http://www.sec.gov/cgi-bin/browse-edgar?action=getcompany&CIK=SNI
STX,Seagate Technology,Information Technology,39.38,6.26,31.18,1.26,5.10,18.42,40.97,11.60,1.57,1.05,7.69,http://www.sec.gov/cgi-bin/browse-edgar?action=getcompany&CIK=STX
SEE,Sealed Air Corp.(New),Materials,48.20,1.37,21.79,2.21,2.86,38.02,52.83,9.32,1.08,1.39,17.08,http://www.sec.gov/cgi-bin/browse-edgar?action=getcompany&CIK=SEE
SRE,Sempra Energy,Utilities,100.50,3.03,18.65,5.39,49.31,86.72,114.66,25.16,2.83,2.49,2.02,http://www.sec.gov/cgi-bin/browse-edgar?action=getcompany&CIK=SRE
SHW,Sherwin-Williams,Materials,271.06,1.26,22.62,11.98,17.37,234.96,312.48,24.94,1.97,2.14,15.62,http://www.sec.gov/cgi-bin/browse-edgar?action=getcompany&CIK=SHW
SIG,Signet Jewelers,Consumer Discretionary,98.66,1.11,14.77,6.68,32.06,72.65,135.59,6.86,0.9051,1.01,3.06,http://www.sec.gov/cgi-bin/browse-edgar?action=getcompany&CIK=SIG
SPG,Simon Property Group Inc,Financials,184.01,3.66,31.34,5.87,14.59,174.91,229.10,57.82,4.03,10.71,12.59,http://www.sec.gov/cgi-bin/browse-edgar?action=getcompany&CIK=SPG
SWKS,Skyworks Solutions,Information Technology,76.53,1.47,14.77,5.18,19.15,54.50,83.56,14.22,1.37,4.49,4.15,http://www.sec.gov/cgi-bin/browse-edgar?action=getcompany&CIK=SWKS
SLG,SL Green Realty,Financials,110.7023,2.8200,38.0420,2.9100,70.5300,80.1200,120.6300,11.22,1.03,6.1210,1.5703,http://www.sec.gov/cgi-bin/browse-edgar?action=getcompany&CIK=SLG
SJM,Smucker (J.M.),Consumer Staples,130.59,2.37,21.29,6.13,61.67,117.36,157.31,15.21,1.69,2.00,2.09,http://www.sec.gov/cgi-bin/browse-edgar?action=getcompany&CIK=SJM
SNA,Snap-On Inc.,Consumer Discretionary,176.21,1.64,19.67,8.96,46.03,133.09,177.86,10.22,0.9054,2.74,3.76,http://www.sec.gov/cgi-bin/browse-edgar?action=getcompany&CIK=SNA
SO,Southern Co.,Utilities,47.925,4.770,17.997,2.663,25.048,43.930,54.640,46.97,7.41,2.541,1.893,http://www.sec.gov/cgi-bin/browse-edgar?action=getcompany&CIK=SO
LUV,Southwest Airlines,Industrials,49.81,0.84,14.16,3.52,13.07,33.96,50.68,30.66,5.52,1.50,3.79,http://www.sec.gov/cgi-bin/browse-edgar?action=getcompany&CIK=LUV
SWN,Southwestern Energy,Energy,12.545,0.000,,-11.378,2.298,5.000,15.590,6.13,0.65,2.477,5.379,http://www.sec.gov/cgi-bin/browse-edgar?action=getcompany&CIK=SWN
SE,Spectra Energy Corp.,Energy,40.8927,3.9400,89.8741,0.4550,10.6460,21.7500,44.0000,28.69,2.41,5.8291,3.8512,http://www.sec.gov/cgi-bin/browse-edgar?action=getcompany&CIK=SE
STJ,St Jude Medical,Health Care,80.37,1.56,35.23,2.28,15.71,48.83,84.00,22.96,1.67,3.83,5.09,http://www.sec.gov/cgi-bin/browse-edgar?action=getcompany&CIK=STJ
SWK,Stanley Black & Decker,Consumer Discretionary,120.735,1.960,18.360,6.576,40.046,88.720,126.720,18.19,1.88,1.608,3.020,http://www.sec.gov/cgi-bin/browse-edgar?action=getcompany&CIK=SWK
SPLS,Staples Inc.,Consumer Discretionary,9.96,4.85,,-0.71,7.14,7.24,11.37,6.48,1.36,0.32,1.40,http://www.sec.gov/cgi-bin/browse-edgar?action=getcompany&CIK=SPLS
SBUX,Starbucks Corp.,Consumer Discretionary,58.63,1.74,30.86,1.90,4.03,50.84,61.79,85.33,4.88,4.00,14.56,http://www.sec.gov/cgi-bin/browse-edgar?action=getcompany&CIK=SBUX
HOT,Starwood Hotels & Resorts,Consumer Discretionary,77.05,0.00,,0.49,0.00,56.87,84.37,,0.00,,,http://www.sec.gov/cgi-bin/browse-edgar?action=getcompany&CIK=HOT
STT,State Street Corp.,Financials,80.35,1.91,16.44,4.89,49.16,50.60,81.91,30.99,0.00,3.08,1.66,http://www.sec.gov/cgi-bin/browse-edgar?action=getcompany&CIK=STT
SRCL,Stericycle Inc,Industrials,74.40,,27.04,2.75,33.47,71.52,128.94,6.33,0.74264,1.76,2.20,http://www.sec.gov/cgi-bin/browse-edgar?action=getcompany&CIK=SRCL
SYK,Stryker Corp.,Health Care,116.47,1.35,26.51,4.39,24.92,86.68,123.55,43.61,2.97,3.97,4.63,http://www.sec.gov/cgi-bin/browse-edgar?action=getcompany&CIK=SYK
STI,SunTrust Banks,Financials,54.69,1.93,15.15,3.61,46.63,31.07,55.39,27.12,0.00,3.37,1.18,http://www.sec.gov/cgi-bin/browse-edgar?action=getcompany&CIK=STI
SYMC,Symantec Corp.,Information Technology,24.77,1.24,7.16,3.46,6.20,16.14,25.72,15.44,0.94,4.20,3.96,http://www.sec.gov/cgi-bin/browse-edgar?action=getcompany&CIK=SYMC
SYF,Synchrony Financial,Financials,36.47,1.46,13.71,2.66,16.94,23.25,36.77,30.10,0.00,4.39,2.16,http://www.sec.gov/cgi-bin/browse-edgar?action=getcompany&CIK=SYF
SYY,Sysco Corp.,Consumer Staples,55.265,2.450,30.567,1.808,5.502,38.840,55.285,30.23,2.81,0.574,9.875,http://www.sec.gov/cgi-bin/browse-edgar?action=getcompany&CIK=SYY
TROW,T. Rowe Price Group,Financials,76.815,2.840,17.332,4.432,19.743,62.970,79.000,18.70,1.92,4.574,3.982,http://www.sec.gov/cgi-bin/browse-edgar?action=getcompany&CIK=TROW
TGT,Target Corp.,Consumer Discretionary,77.3146,3.1200,13.7570,5.6200,19.6370,65.5000,84.1400,43.43,7.47,0.6208,3.9639,http://www.sec.gov/cgi-bin/browse-edgar?action=getcompany&CIK=TGT
TEL,TE Connectivity Ltd.,Information Technology,70.67,2.14,12.98,5.44,23.88,51.70,70.94,25.11,2.52,2.05,2.96,http://www.sec.gov/cgi-bin/browse-edgar?action=getcompany&CIK=TEL
TGNA,Tegna,Consumer Discretionary,23.14,2.46,11.47,2.02,10.27,17.91,27.02,4.96,1.16,1.53,2.26,http://www.sec.gov/cgi-bin/browse-edgar?action=getcompany&CIK=TGNA
TDC,Teradata Corp.,Information Technology,28.60,,207.25,0.14,7.18,21.98,33.09,3.72,0.374,1.55,4.00,http://www.sec.gov/cgi-bin/browse-edgar?action=getcompany&CIK=TDC
TSO,Tesoro Petroleum Co.,Energy,90.05,2.48,15.28,5.89,46.53,67.80,109.24,10.64,2.13,0.45,1.95,http://www.sec.gov/cgi-bin/browse-edgar?action=getcompany&CIK=TSO
TXN,Texas Instruments,Information Technology,71.91,2.80,22.83,3.15,10.27,46.73,75.25,71.87,5.52,5.48,7.02,http://www.sec.gov/cgi-bin/browse-edgar?action=getcompany&CIK=TXN
TXT,Textron Inc.,Industrials,48.39,0.17,13.57,3.57,20.92,30.69,49.15,13.08,1.60,0.93,2.29,http://www.sec.gov/cgi-bin/browse-edgar?action=getcompany&CIK=TXT
BK,The Bank of New York Mellon Corp.,Financials,48.55,1.57,16.43,2.95,34.19,32.20,49.54,51.33,0.00,3.46,1.44,http://www.sec.gov/cgi-bin/browse-edgar?action=getcompany&CIK=BK
CLX,The Clorox Company,Consumer Staples,115.415,2.770,23.232,4.968,2.245,111.240,140.470,14.86,1.20,2.540,51.087,http://www.sec.gov/cgi-bin/browse-edgar?action=getcompany&CIK=CLX
KO,The Coca Cola Company,Consumer Staples,41.995,3.450,25.467,1.649,6.046,39.880,47.130,181.12,11.69,4.163,6.778,http://www.sec.gov/cgi-bin/browse-edgar?action=getcompany&CIK=KO
HSY,The Hershey Company,Consumer Staples,100.27,2.51,26.56,3.78,4.19,82.42,117.79,21.28,1.76,2.83,23.48,http://www.sec.gov/cgi-bin/browse-edgar?action=getcompany&CIK=HSY
MOS,The Mosaic Company,Materials,31.22,2.90,24.88,1.25,28.09,22.02,31.23,10.93,1.27,1.42,1.07,http://www.sec.gov/cgi-bin/browse-edgar?action=getcompany&CIK=MOS
TRV,The Travelers Companies Inc.,Financials,118.96,2.27,12.07,9.86,86.02,101.23,119.32,33.79,5.15,1.24,1.38,http://www.sec.gov/cgi-bin/browse-edgar?action=getcompany&CIK=TRV
DIS,The Walt Disney Company,Consumer Discretionary,104.60,1.55,18.25,5.73,27.09,86.25,114.75,166.47,16.89,2.96,3.82,http://www.sec.gov/cgi-bin/browse-edgar?action=getcompany&CIK=DIS
TMO,Thermo Fisher Scientific,Health Care,145.30,0.42,29.04,5.00,54.83,119.75,160.68,57.40,4.37,3.14,2.61,http://www.sec.gov/cgi-bin/browse-edgar?action=getcompany&CIK=TMO
TIF,Tiffany & Co.,Consumer Discretionary,85.24,2.13,23.87,3.57,23.37,56.99,85.44,10.61,0.9348,2.66,3.64,http://www.sec.gov/cgi-bin/browse-edgar?action=getcompany&CIK=TIF
TWX,Time Warner Inc.,Consumer Discretionary,95.19,1.71,16.93,5.62,31.45,55.53,95.26,73.40,8.17,2.56,3.01,http://www.sec.gov/cgi-bin/browse-edgar?action=getcompany&CIK=TWX
TJX,TJX Companies Inc.,Consumer Discretionary,77.88,1.33,22.81,3.41,6.64,65.64,83.64,50.77,4.48,1.56,11.74,http://www.sec.gov/cgi-bin/browse-edgar?action=getcompany&CIK=TJX
TMK,Torchmark Corp.,Financials,73.85,0.77,16.65,4.43,42.78,48.47,74.33,8.76,0.86276,2.26,1.73,http://www.sec.gov/cgi-bin/browse-edgar?action=getcompany&CIK=TMK
TSS,Total System Services,Information Technology,49.545,0.830,27.803,1.782,11.238,37.470,56.540,9.11,0.81133,2.399,4.360,http://www.sec.gov/cgi-bin/browse-edgar?action=getcompany&CIK=TSS
TSCO,Tractor Supply Company,Consumer Discretionary,77.49,1.26,24.59,3.15,11.06,61.50,97.25,10.17,0.80887,1.54,6.92,http://www.sec.gov/cgi-bin/browse-edgar?action=getcompany&CIK=TSCO
TDG,TransDigm Group,Industrials,249.42,0.00,24.01,10.39,-12.22,180.76,294.38,13.31,1.45,4.20,,http://www.sec.gov/cgi-bin/browse-edgar?action=getcompany&CIK=TDG
RIG,Transocean,Energy,15.44,0.00,4.88,3.16,41.27,7.67,15.50,5.64,1.77,1.25,0.36,http://www.sec.gov/cgi-bin/browse-edgar?action=getcompany&CIK=RIG
TRIP,TripAdvisor,Consumer Discretionary,49.16,,59.09,0.83,10.85,45.95,87.50,7.16,0.182,4.75,4.43,http://www.sec.gov/cgi-bin/browse-edgar?action=getcompany&CIK=TRIP
FOXA,Twenty-First Century Fox Class A,Consumer Discretionary,28.155,1.280,18.609,1.513,7.441,22.660,31.250,52.24,6.69,1.914,3.849,http://www.sec.gov/cgi-bin/browse-edgar?action=getcompany&CIK=FOXA
FOX,Twenty-First Century Fox Class B,Consumer Discretionary,27.84,1.29,18.40,1.51,7.44,22.65,31.16,51.65,6.69,1.90,3.83,http://www.sec.gov/cgi-bin/browse-edgar?action=getcompany&CIK=FOX
TYC,Tyco International,Industrials,45.59,0.00,,1.23,0.00,28.94,46.19,,0.00,,,http://www.sec.gov/cgi-bin/browse-edgar?action=getcompany&CIK=TYC
TSN,Tyson Foods,Consumer Staples,61.71,1.57,13.62,4.53,25.69,48.52,77.05,23.08,3.57,0.62,2.40,http://www.sec.gov/cgi-bin/browse-edgar?action=getcompany&CIK=TSN
USB,U.S. Bancorp,Financials,52.04,2.21,16.11,3.23,24.79,37.07,52.29,88.45,0.00,4.61,2.09,http://www.sec.gov/cgi-bin/browse-edgar?action=getcompany&CIK=USB
UDR,UDR Inc,Financials,34.33,3.52,41.56,0.83,10.76,32.79,38.61,9.17,0.60763,9.41,3.18,http://www.sec.gov/cgi-bin/browse-edgar?action=getcompany&CIK=UDR
ULTA,Ulta Salon Cosmetics & Fragrance Inc,Consumer Discretionary,250.64,0.00,42.01,5.97,23.30,146.77,278.63,15.60,0.7970900000000001,3.47,10.87,http://www.sec.gov/cgi-bin/browse-edgar?action=getcompany&CIK=ULTA
UA,Under Armour,Consumer Discretionary,28.72,,63.82,0.45,4.39,26.02,47.95,12.58,0.57156,2.69,6.57,http://www.sec.gov/cgi-bin/browse-edgar?action=getcompany&CIK=UA
UNP,Union Pacific,Industrials,105.215,2.280,21.085,4.990,24.581,67.060,106.620,86.71,9.26,4.346,4.287,http://www.sec.gov/cgi-bin/browse-edgar?action=getcompany&CIK=UNP
UAL,United Continental Holdings,Industrials,75.05,0.00,9.58,7.83,26.55,37.41,76.13,23.81,7.07,0.63,2.74,http://www.sec.gov/cgi-bin/browse-edgar?action=getcompany&CIK=UAL
UNH,United Health Group Inc.,Health Care,159.6095,1.5700,23.5760,6.7700,39.5500,107.5100,162.5200,151.92,13.79,0.8383,4.0283,http://www.sec.gov/cgi-bin/browse-edgar?action=getcompany&CIK=UNH
UPS,United Parcel Service,Industrials,119.73,2.68,21.33,5.61,3.14,87.30,119.77,104.48,10.16,1.73,37.92,http://www.sec.gov/cgi-bin/browse-edgar?action=getcompany&CIK=UPS
URI,"United Rentals, Inc.",Industrials,107.73,,16.62,6.48,18.17,41.90,109.90,9.07,1.72,1.58,5.96,http://www.sec.gov/cgi-bin/browse-edgar?action=getcompany&CIK=URI
UTX,United Technologies,Industrials,109.88,2.41,12.55,8.75,35.45,83.39,110.00,90.48,10.16,1.57,3.06,http://www.sec.gov/cgi-bin/browse-edgar?action=getcompany&CIK=UTX
UHS,"Universal Health Services, Inc.",Health Care,112.00,0.36,15.77,7.10,45.33,100.82,139.77,10.86,1.70,1.14,2.48,http://www.sec.gov/cgi-bin/browse-edgar?action=getcompany&CIK=UHS
UNM,Unum Group,Financials,43.60,1.87,11.44,3.81,40.33,23.99,44.48,10.12,1.56,0.93,1.09,http://www.sec.gov/cgi-bin/browse-edgar?action=getcompany&CIK=UNM
URBN,Urban Outfitters,Consumer Discretionary,34.10,,17.72,1.92,10.73,20.06,40.80,3.96,0.49715,1.16,3.29,http://www.sec.gov/cgi-bin/browse-edgar?action=getcompany&CIK=URBN
VFC,V.F. Corp.,Consumer Discretionary,56.60,2.97,21.49,2.63,11.78,51.76,67.10,23.42,2.01,1.91,4.85,http://www.sec.gov/cgi-bin/browse-edgar?action=getcompany&CIK=VFC
VLO,Valero Energy,Energy,67.92,3.71,14.40,4.72,44.89,46.88,72.70,30.74,5.59,0.42,1.52,http://www.sec.gov/cgi-bin/browse-edgar?action=getcompany&CIK=VLO
VAR,Varian Medical Systems,Health Care,91.32,0.00,21.79,4.19,18.58,73.18,106.70,8.53,0.6558999999999999,2.63,4.87,http://www.sec.gov/cgi-bin/browse-edgar?action=getcompany&CIK=VAR
VTR,Ventas Inc,Financials,62.57,4.87,37.90,1.65,29.65,46.87,76.80,22.16,1.79,6.50,2.11,http://www.sec.gov/cgi-bin/browse-edgar?action=getcompany&CIK=VTR
VRSN,Verisign Inc.,Information Technology,82.34,0.00,24.67,3.34,-11.13,70.26,91.99,8.61,0.73514,7.56,,http://www.sec.gov/cgi-bin/browse-edgar?action=getcompany&CIK=VRSN
VRSK,Verisk Analytics,Industrials,82.99,,23.92,3.47,8.77,64.79,86.00,13.90,1.03,6.13,9.49,http://www.sec.gov/cgi-bin/browse-edgar?action=getcompany&CIK=VRSK
VZ,Verizon Communications,Telecommunications Services,51.5325,4.5000,15.0197,3.4310,5.0190,43.7900,56.9500,210.08,44.76,1.6298,10.1873,http://www.sec.gov/cgi-bin/browse-edgar?action=getcompany&CIK=VZ
VRTX,Vertex Pharmaceuticals Inc,Health Care,76.8099,,,-0.9020,4.1190,73.3050,129.1800,19.05,0.05175,11.5283,18.7473,http://www.sec.gov/cgi-bin/browse-edgar?action=getcompany&CIK=VRTX
VIAB,Viacom Inc.,Consumer Discretionary,38.48,2.19,10.64,3.62,10.77,30.11,47.47,15.27,2.95,1.23,3.60,http://www.sec.gov/cgi-bin/browse-edgar?action=getcompany&CIK=VIAB
V,Visa Inc.,Information Technology,79.03,0.83,31.22,2.53,11.61,66.12,83.96,184.93,10.27,12.30,6.83,http://www.sec.gov/cgi-bin/browse-edgar?action=getcompany&CIK=V
VNO,Vornado Realty Trust,Financials,103.57,2.48,48.83,2.12,27.92,78.91,108.69,19.57,1.21,7.91,3.71,http://www.sec.gov/cgi-bin/browse-edgar?action=getcompany&CIK=VNO
VMC,Vulcan Materials,Materials,128.24,0.62,46.82,2.74,34.04,78.83,138.18,16.97,0.97721,4.78,3.79,http://www.sec.gov/cgi-bin/browse-edgar?action=getcompany&CIK=VMC
WMT,Wal-Mart Stores,Consumer Staples,69.924,2.840,15.168,4.610,25.233,58.670,75.190,214.89,33.01,0.446,2.788,http://www.sec.gov/cgi-bin/browse-edgar?action=getcompany&CIK=WMT
WBA,Walgreens Boots Alliance,Consumer Staples,86.565,1.770,22.661,3.820,27.590,71.500,87.050,93.77,7.95,0.778,3.055,http://www.sec.gov/cgi-bin/browse-edgar?action=getcompany&CIK=WBA
WM,Waste Management Inc.,Industrials,70.135,2.360,28.144,2.492,12.125,50.360,70.670,31.00,3.65,2.312,5.778,http://www.sec.gov/cgi-bin/browse-edgar?action=getcompany&CIK=WM
WAT,Waters Corporation,Health Care,139.74,0.00,22.92,6.10,28.04,112.00,162.53,11.26,0.70356,5.23,4.92,http://www.sec.gov/cgi-bin/browse-edgar?action=getcompany&CIK=WAT
WFC,Wells Fargo,Financials,57.1764,2.7400,14.1877,4.0300,35.8380,43.5500,58.0200,287.16,0.00,3.4030,1.5986,http://www.sec.gov/cgi-bin/browse-edgar?action=getcompany&CIK=WFC
HCN,Welltower Inc.,Financials,65.84,5.41,29.04,2.27,38.03,52.80,80.19,23.87,2.09,5.75,1.73,http://www.sec.gov/cgi-bin/browse-edgar?action=getcompany&CIK=HCN
WDC,Western Digital,Information Technology,67.88,3.13,,-1.61,37.74,34.99,69.60,19.38,2.32,1.36,1.81,http://www.sec.gov/cgi-bin/browse-edgar?action=getcompany&CIK=WDC
WU,Western Union Co,Information Technology,22.01,2.96,13.33,1.65,2.86,16.02,22.26,10.67,1.36,1.98,7.74,http://www.sec.gov/cgi-bin/browse-edgar?action=getcompany&CIK=WU
WRK,Westrock Co,Materials,52.37,3.09,,-1.54,39.18,29.73,53.56,13.00,2.26,0.92,1.35,http://www.sec.gov/cgi-bin/browse-edgar?action=getcompany&CIK=WRK
WY,Weyerhaeuser Corp.,Financials,32.745,3.890,42.526,0.770,12.287,22.060,33.170,24.50,1.77,3.115,2.668,http://www.sec.gov/cgi-bin/browse-edgar?action=getcompany&CIK=WY
WHR,Whirlpool Corp.,Consumer Discretionary,173.99,2.36,15.21,11.44,66.72,123.60,194.10,13.07,2.18,0.63,2.58,http://www.sec.gov/cgi-bin/browse-edgar?action=getcompany&CIK=WHR
WFM,Whole Foods Market,Consumer Staples,32.01,1.84,20.65,1.55,10.13,27.67,35.58,10.19,1.37,0.64,3.13,http://www.sec.gov/cgi-bin/browse-edgar?action=getcompany&CIK=WFM
WMB,Williams Cos.,Energy,30.175,2.550,,-1.500,6.480,10.220,31.850,22.66,3.33,3.200,4.806,http://www.sec.gov/cgi-bin/browse-edgar?action=getcompany&CIK=WMB
WLTW,Willis Towers Watson,Financials,122.92,1.54,66.62,1.85,78.47,104.11,133.40,16.81,1.36,2.46,1.57,http://www.sec.gov/cgi-bin/browse-edgar?action=getcompany&CIK=WLTW
WEC,Wisconsin Energy Corporation,Utilities,57.11,3.52,19.60,2.91,28.17,48.05,66.10,18.02,2.40,2.42,2.00,http://www.sec.gov/cgi-bin/browse-edgar?action=getcompany&CIK=WEC
WYN,Wyndham Worldwide,Consumer Discretionary,77.85,2.66,14.93,5.21,7.36,60.59,81.08,8.39,1.27,1.49,10.49,http://www.sec.gov/cgi-bin/browse-edgar?action=getcompany&CIK=WYN
WYNN,Wynn Resorts Ltd,Consumer Discretionary,91.61,1.96,43.21,2.12,-1.32,49.95,109.50,9.29,0.89242,2.24,,http://www.sec.gov/cgi-bin/browse-edgar?action=getcompany&CIK=WYNN
XEL,Xcel Energy Inc,Utilities,39.84,3.46,18.36,2.17,21.63,34.47,45.42,20.24,3.59,1.82,1.81,http://www.sec.gov/cgi-bin/browse-edgar?action=getcompany&CIK=XEL
XRX,Xerox Corp.,Information Technology,9.465,3.330,15.881,0.596,9.128,8.480,11.390,9.60,2.02,0.551,1.043,http://www.sec.gov/cgi-bin/browse-edgar?action=getcompany&CIK=XRX
XLNX,Xilinx Inc,Information Technology,55.75,2.42,24.89,2.24,10.40,40.44,56.25,14.08,0.76575,6.13,5.35,http://www.sec.gov/cgi-bin/browse-edgar?action=getcompany&CIK=XLNX
XL,XL Capital,Financials,37.025,2.210,29.200,1.268,42.949,30.330,40.480,9.96,0.85814,0.966,0.855,http://www.sec.gov/cgi-bin/browse-edgar?action=getcompany&CIK=XL
XYL,Xylem Inc.,Industrials,51.545,1.190,28.604,1.802,12.414,31.670,54.990,9.25,0.613,2.536,4.180,http://www.sec.gov/cgi-bin/browse-edgar?action=getcompany&CIK=XYL
YHOO,Yahoo Inc.,Information Technology,41.685,,,-5.079,36.536,26.150,44.920,39.77,0.09038,7.944,1.133,http://www.sec.gov/cgi-bin/browse-edgar?action=getcompany&CIK=YHOO
YUM,Yum! Brands Inc,Consumer Discretionary,64.14,3.17,16.50,3.89,-5.04,46.43,66.13,23.54,3.00,1.83,,http://www.sec.gov/cgi-bin/browse-edgar?action=getcompany&CIK=YUM
ZBH,Zimmer Biomet Holdings,Health Care,105.15,0.92,58.87,1.79,48.68,88.27,133.21,21.06,2.89,2.75,2.15,http://www.sec.gov/cgi-bin/browse-edgar?action=getcompany&CIK=ZBH
ZION,Zions Bancorp,Financials,43.20,0.76,23.74,1.82,34.19,19.65,43.44,8.80,0.00,3.91,1.26,http://www.sec.gov/cgi-bin/browse-edgar?action=getcompany&CIK=ZION
ZTS,Zoetis,Health Care,51.925,0.820,37.437,1.387,3.207,38.260,53.140,25.64,1.63,5.224,16.115,http://www.sec.gov/cgi-bin/browse-edgar?action=getcompany&CIK=ZTS
